[qwfn] direct I/O: 512-byte slots, page-aligned reads through a bounce buffer (slice strides are not page multiples)
ggml_cuda_init: found 1 CUDA devices (Total VRAM: 15847 MiB):
  Device 0: NVIDIA GeForce RTX 5060 Ti, compute capability 12.0, VMM: yes, VRAM: 15847 MiB
[qwfn] mtp: nextn block 48 of /home/thomas/models/qwen38-flash-next/MTP/mtp-Qwen3.8-Flash-Next-shared-Q8_0.gguf: 0.10 GB on CUDA0, its 2673 MB of experts in host memory (computed on the CPU per draft)
[qwfn] CPU threadpool: 5 threads, poll 50, cpus 0-7
 (pinned)
[qwfn] prefetch: speculative block on (0 of 47 predicted layers), margin gate off
[qwfn] decode QSA state: 57.5 MB (pooled block keys for 18432 blocks, 513 kept)
[qwfn] prefill VRAM (dynamic, lent by the expert tier): 7.66 GB; decode reserve 1153 MB
ggml_backend_cuda_buffer_type_alloc_buffer: allocating 12495.74 MiB on device 0: cudaMalloc failed: out of memory
ggml_backend_cuda_buffer_type_alloc_buffer: allocating 11991.03 MiB on device 0: cudaMalloc failed: out of memory
ggml_backend_cuda_buffer_type_alloc_buffer: allocating 11501.90 MiB on device 0: cudaMalloc failed: out of memory
ggml_backend_cuda_buffer_type_alloc_buffer: allocating 11055.66 MiB on device 0: cudaMalloc failed: out of memory
ggml_backend_cuda_buffer_type_alloc_buffer: allocating 10625.97 MiB on device 0: cudaMalloc failed: out of memory
ggml_backend_cuda_buffer_type_alloc_buffer: allocating 10209.24 MiB on device 0: cudaMalloc failed: out of memory
[qwfn] expert VRAM tier: 9.12 GB, 5431 blocks (22.1%), of which 41 layers (7428 MiB) are handed to the prefill
[qwfn] expert RAM tier: 18.94 GB arena (pinned), 11258 of 24576 expert blocks (45.8%)
[qwfn] prefill streamer: host 2 x 1.19 GB (pinned), device 1.19 GB (device, allocated per prefill), 16 MB chunks, read-ahead on
[nll] #1 tok 1596: 0.000038 argmax 1596
dense core 3.84271 GB on CUDA0 | state @ 73728 ctx: KV 0.962593 GB (q8_0), indexer 0.226492 GB, deltanet 113.246 MB (constant), conv 4.79232 MB  =>  total 1.30712 GB on the device | expert cache 11258 RAM blocks, 5431 VRAM blocks

prefill: 134 tokens in 7.70 s  (17.4 tok/s)
replaying: 1596[nll] #2 tok 1144: 0.000051 argmax 1144
 1144[nll] #3 tok 4087: 0.683715 argmax 4087
 4087[nll] #4 tok 6673: 0.295322 argmax 6673
 6673[nll] #5 tok 24460: 0.058396 argmax 24460
 24460[nll] #6 tok 13: 0.049889 argmax 13
 13[nll] #7 tok 14235: 0.319635 argmax 14235
 14235[nll] #8 tok 11290: 0.512960 argmax 11290
 11290[nll] #9 tok 15060: 0.184949 argmax 15060
 15060[nll] #10 tok 13: 0.037052 argmax 13
 13[nll] #11 tok 21397: 0.414357 argmax 21397
 21397[nll] #12 tok 25: 0.000887 argmax 25
 25[nll] #13 tok 14273: 0.707577 argmax 14273
 14273[nll] #14 tok 13914: 0.578607 argmax 13914
 13914[nll] #15 tok 220: 0.475164 argmax 220
 220[nll] #16 tok 17: 0.000175 argmax 17
 17[nll] #17 tok 11: 0.033453 argmax 11
 11[nll] #18 tok 20: 0.004224 argmax 20
 20[nll] #19 tok 11: 0.000026 argmax 11
 11[nll] #20 tok 16: 0.000023 argmax 16
 16[nll] #21 tok 16: 0.000033 argmax 16
 16[nll] #22 tok 20332: 0.181780 argmax 20332
 20332[nll] #23 tok 13: 0.065925 argmax 13
 13[nll] #24 tok 32569: 0.152621 argmax 32569
 32569[nll] #25 tok 1866: 1.132029 argmax 1866
 1866[nll] #26 tok 220: 0.408775 argmax 220
 220[nll] #27 tok 19: 0.001281 argmax 19
 19[nll] #28 tok 15: 0.000047 argmax 15
 15[nll] #29 tok 15: 0.000012 argmax 15
 15[nll] #30 tok 20332: 0.024330 argmax 20332
 20332[nll] #31 tok 321: 0.288738 argmax 321
 321[nll] #32 tok 1866: 0.267064 argmax 1866
 1866[nll] #33 tok 220: 0.000426 argmax 220
 220[nll] #34 tok 21: 0.000014 argmax 21
 21[nll] #35 tok 15: 0.000004 argmax 15
 15[nll] #36 tok 14273: 0.000020 argmax 14273
 14273[nll] #37 tok 13: 0.000838 argmax 13
 13[nll] #38 tok 1369: 1.020099 argmax 1369
 1369[nll] #39 tok 5234: 0.000043 argmax 5234
 5234[nll] #40 tok 1902: 0.296371 argmax 1902
 1902[nll] #41 tok 6435: 0.002645 argmax 6435
 6435[nll] #42 tok 506: 0.000466 argmax 506
 506[nll] #43 tok 3140: 0.000072 argmax 3140
 3140[nll] #44 tok 10598: 0.000046 argmax 10598
 10598[nll] #45 tok 430: 0.000182 argmax 430
 430[nll] #46 tok 1599: 0.000135 argmax 1599
 1599[nll] #47 tok 2526: 0.000057 argmax 2526
 2526[nll] #48 tok 14273: 0.303258 argmax 14273
 14273[nll] #49 tok 430: 0.000074 argmax 430
 430[nll] #50 tok 3349: 0.000025 argmax 3349
 3349[nll] #51 tok 5981: 0.014810 argmax 5981
 5981[nll] #52 tok 13: 0.190426 argmax 13
 13[nll] #53 tok 14235: 0.871416 argmax 14235
 14235[nll] #54 tok 7526: 0.014386 argmax 7526
 7526[nll] #55 tok 2702: 0.000345 argmax 2702
 2702[nll] #56 tok 4528: 0.000112 argmax 4528
 4528[nll] #57 tok 3074: 0.501299 argmax 3074
 3074[nll] #58 tok 10538: 0.000378 argmax 10538
 10538[nll] #59 tok 628: 0.018845 argmax 628
 628[nll] #60 tok 6564: 0.001124 argmax 6564
 6564[nll] #61 tok 11: 0.705122 argmax 11
 11[nll] #62 tok 1420: 0.758760 argmax 1420
 1420[nll] #63 tok 31626: 0.001106 argmax 31626
 31626[nll] #64 tok 321: 0.668486 argmax 321
 321[nll] #65 tok 14159: 0.016387 argmax 14159
 14159[nll] #66 tok 13: 0.151874 argmax 13
 13[nll] #67 tok 271: 0.355202 argmax 271
 271[nll] #68 tok 9764: 0.867404 argmax 9764
 9764[nll] #69 tok 274: 0.767235 argmax 274
 274[nll] #70 tok 12709: 0.178076 argmax 12709
 12709[nll] #71 tok 21518: 0.001904 argmax 21518
 21518[nll] #72 tok 2397: 0.484925 argmax 2397
 2397[nll] #73 tok 40823: 0.000421 argmax 40823
 40823[nll] #74 tok 24959: 0.004472 argmax 24959
 24959[nll] #75 tok 30: 0.513423 argmax 30
 30[nll] #76 tok 4222: 1.258975 argmax 4222
 4222[nll] #77 tok 14159: 0.732814 argmax 14159
 14159[nll] #78 tok 13: 0.637553 argmax 13
 13[nll] #79 tok 84457: 0.517577 argmax 84457
 84457[nll] #80 tok 25: 0.019135 argmax 25
 25[nll] #81 tok 198: 0.714621 argmax 198
 198[nll] #82 tok 82: 0.505741 argmax 82
 82[nll] #83 tok 478: 0.358873 argmax 478
 478[nll] #84 tok 295: 0.005647 argmax 295
 295[nll] #85 tok 478: 0.000055 argmax 478
 478[nll] #86 tok 324: 0.000049 argmax 324
 324[nll] #87 tok 2564: 0.011899 argmax 2564
 2564[nll] #88 tok 220: 0.032350 argmax 220
 220[nll] #89 tok 21: 0.000083 argmax 21
 21[nll] #90 tok 15: 0.000025 argmax 15
 15[nll] #91 tok 198: 0.344105 argmax 198
 198[nll] #92 tok 17: 0.005500 argmax 17
 17[nll] #93 tok 82: 0.000365 argmax 82
 82[nll] #94 tok 478: 0.035434 argmax 478
 478[nll] #95 tok 220: 0.375259 argmax 220
 220[nll] #96 tok 20: 0.000188 argmax 20
 20[nll] #97 tok 76: 0.000035 argmax 76
 76[nll] #98 tok 478: 0.000018 argmax 478
 478[nll] #99 tok 220: 0.025575 argmax 220
 220[nll] #100 tok 16: 0.000047 argmax 16
 16[nll] #101 tok 16: 0.000036 argmax 16
 16[nll] #102 tok 75: 0.000070 argmax 75
 75[nll] #103 tok 2564: 0.000107 argmax 2564
 2564[nll] #104 tok 220: 0.028489 argmax 220
 220[nll] #105 tok 19: 0.000018 argmax 19
 19[nll] #106 tok 15: 0.000001 argmax 15
 15[nll] #107 tok 15: 0.000025 argmax 15
 15[nll] #108 tok 198: 0.004114 argmax 198
 198[nll] #109 tok 82: 0.004244 argmax 82
 82[nll] #110 tok 2518: 0.000472 argmax 2518
 2518[nll] #111 tok 220: 0.000055 argmax 220
 220[nll] #112 tok 17: 0.000022 argmax 17
 17[nll] #113 tok 75: 0.015138 argmax 75
 75[nll] #114 tok 198: 0.659480 argmax 198
 198[nll] #115 tok 5786: 0.254902 argmax 5786
 5786[nll] #116 tok 11514: 0.068362 argmax 11514
 11514[nll] #117 tok 457: 0.048822 argmax 457
 457[nll] #118 tok 28: 0.631179 argmax 28
 28[nll] #119 tok 17: 0.000272 argmax 17
 17[nll] #120 tok 82: 0.000021 argmax 82
 82[nll] #121 tok 10: 0.000298 argmax 10
 10[nll] #122 tok 20: 0.000208 argmax 20
 20[nll] #123 tok 76: 0.000031 argmax 76
 76[nll] #124 tok 10: 0.000107 argmax 10
 10[nll] #125 tok 16: 0.000516 argmax 16
 16[nll] #126 tok 16: 0.000206 argmax 16
 16[nll] #127 tok 75: 0.000242 argmax 75
 75[nll] #128 tok 13: 0.199294 argmax 13
 13[nll] #129 tok 271: 0.254933 argmax 271
 271[nll] #130 tok 22916: 0.853455 argmax 22916
 22916[nll] #131 tok 7308: 1.245059 argmax 7308
 7308[nll] #132 tok 6093: 1.467095 argmax 6093
 6093[nll] #133 tok 13: 0.040720 argmax 13
 13[nll] #134 tok 8439: 1.114332 argmax 8439
 8439[nll] #135 tok 13914: 1.002607 argmax 13914
 13914[nll] #136 tok 6572: 0.416605 argmax 6572
 6572[nll] #137 tok 11: 0.248360 argmax 11
 11[nll] #138 tok 4222: 1.007155 argmax 4222
 4222[nll] #139 tok 958: 0.973539 argmax 958
 958[nll] #140 tok 1866: 1.432690 argmax 1866
 1866[nll] #141 tok 4528: 1.047900 argmax 4528
 4528[nll] #142 tok 20908: 1.211049 argmax 20908
 20908[nll] #143 tok 6970: 1.169617 argmax 6970
 6970[nll] #144 tok 220: 0.924775 argmax 220
 220[nll] #145 tok 19: 0.010727 argmax 19
 19[nll] #146 tok 15: 0.000063 argmax 15
 15[nll] #147 tok 15: 0.000147 argmax 15
 15[nll] #148 tok 6681: 1.391951 argmax 6681
 6681[nll] #149 tok 30: 0.707944 argmax 30
 30[nll] #150 tok 1921: 0.744968 argmax 1921
 1921[nll] #151 tok 3618: 0.638197 argmax 3618
 3618[nll] #152 tok 1698: 0.399518 argmax 1698
 1698[nll] #153 tok 20908: 1.043418 argmax 20908
 20908[nll] #154 tok 1189: 0.819055 argmax 1189
 1189[nll] #155 tok 3798: 1.363283 argmax 3798
 3798[nll] #156 tok 13: 0.247044 argmax 13
 13[nll] #157 tok 14235: 0.254201 argmax 14235
 14235[nll] #158 tok 33363: 0.464703 argmax 33363
 33363[nll] #159 tok 4528: 0.508459 argmax 4528
 4528[nll] #160 tok 13: 1.151478 argmax 13
 13[nll] #161 tok 19670: 1.993133 argmax 19670
 19670[nll] #162 tok 14273: 0.305607 argmax 14273
 14273[nll] #163 tok 8545: 1.083930 argmax 8545
 8545[nll] #164 tok 694: 0.658200 argmax 694
 694[nll] #165 tok 1325: 0.753010 argmax 1325
 1325[nll] #166 tok 2526: 0.404659 argmax 2526
 2526[nll] #167 tok 14273: 0.247721 argmax 14273
 14273[nll] #168 tok 13: 1.248651 argmax 13
 13[nll] #169 tok 23587: 0.982946 argmax 23587
 23587[nll] #170 tok 4528: 1.439100 argmax 4528
 4528[nll] #171 tok 220: 0.720240 argmax 220
 220[nll] #172 tok 20: 0.005617 argmax 20
 20[nll] #173 tok 13: 1.087169 argmax 13
 13[nll] #174 tok 14235: 1.182688 argmax 14560
 14235[nll] #175 tok 28476: 1.293881 argmax 28476
 28476[nll] #176 tok 13: 0.480298 argmax 13
 13[nll] #177 tok 271: 0.253251 argmax 271
 271[nll] #178 tok 1596: 0.988953 argmax 1596
 1596[nll] #179 tok 628: 0.134768 argmax 628
 628[nll] #180 tok 85802: 0.800993 argmax 85802
 85802[nll] #181 tok 13: 0.157245 argmax 13
 13[nll] #182 tok 6558: 1.192025 argmax 6558
 6558[nll] #183 tok 274: 0.632496 argmax 274
 274[nll] #184 tok 2518: 1.154397 argmax 2518
 2518[nll] #185 tok 220: 0.263031 argmax 220
 220[nll] #186 tok 17: 0.000128 argmax 17
 17[nll] #187 tok 75: 0.000994 argmax 75
 75[nll] #188 tok 13: 0.095980 argmax 13
 13[nll] #189 tok 1690: 0.887027 argmax 1690
 1690[nll] #190 tok 8097: 0.571757 argmax 8097
 8097[nll] #191 tok 324: 0.035330 argmax 324
 324[nll] #192 tok 11: 0.731367 argmax 11
 11[nll] #193 tok 310: 1.171592 argmax 310
 310[nll] #194 tok 33363: 0.014000 argmax 33363
 33363[nll] #195 tok 4528: 0.008598 argmax 4528
 4528[nll] #196 tok 1172: 0.714148 argmax 1172
 1172[nll] #197 tok 1698: 0.920588 argmax 1698
 1698[nll] #198 tok 321: 0.430304 argmax 321
 321[nll] #199 tok 4528: 0.027628 argmax 4528
 4528[nll] #200 tok 16484: 0.696474 argmax 16484
 16484[nll] #201 tok 11: 0.941686 argmax 11
 11[nll] #202 tok 4992: 0.791826 argmax 4992
 4992[nll] #203 tok 430: 1.450370 argmax 430
 430[nll] #204 tok 1599: 0.031701 argmax 1599
 1599[nll] #205 tok 8545: 0.494402 argmax 8545
 8545[nll] #206 tok 14273: 0.822911 argmax 14273
 14273[nll] #207 tok 430: 0.488788 argmax 430
 430[nll] #208 tok 3102: 0.045228 argmax 3102
 3102[nll] #209 tok 30: 0.727256 argmax 30
 30[nll] #210 tok 1921: 0.909277 argmax 1921
 1921[nll] #211 tok 2526: 0.949934 argmax 2526
 2526[nll] #212 tok 2483: 1.059866 argmax 14273
 2483[nll] #213 tok 13: 0.500519 argmax 13
 13[nll] #214 tok 6558: 1.625468 argmax 6558
 6558[nll] #215 tok 579: 0.160930 argmax 579
 579[nll] #216 tok 22903: 0.836913 argmax 22903
 22903[nll] #217 tok 13: 0.065884 argmax 13
 13[nll] #218 tok 271: 0.040695 argmax 271
 271[nll] #219 tok 7354: 1.086682 argmax 7354
 7354[nll] #220 tok 14273: 0.743291 argmax 14273
 14273[nll] #221 tok 307: 1.256695 argmax 307
 307[nll] #222 tok 283: 1.032565 argmax 283
 283[nll] #223 tok 274: 0.004396 argmax 274
 274[nll] #224 tok 57838: 0.015488 argmax 57838
 57838[nll] #225 tok 73314: 0.000570 argmax 73314
 73314[nll] #226 tok 2564: 0.047202 argmax 2564
 2564[nll] #227 tok 21: 0.156893 argmax 21
 21[nll] #228 tok 15: 0.000004 argmax 15
 15[nll] #229 tok 13: 0.036104 argmax 13
 13[nll] #230 tok 16030: 0.437986 argmax 16030
 16030[nll] #231 tok 457: 0.529696 argmax 457
 457[nll] #232 tok 13: 0.638560 argmax 13
 13[nll] #233 tok 1690: 2.029580 argmax 1690
 1690[nll] #234 tok 8097: 0.809937 argmax 8097
 8097[nll] #235 tok 324: 0.207687 argmax 324
 324[nll] #236 tok 321: 0.536255 argmax 321
 321[nll] #237 tok 274: 0.576032 argmax 274
 274[nll] #238 tok 11: 1.159051 argmax 11
 11[nll] #239 tok 9376: 1.134865 argmax 9376
 9376[nll] #240 tok 8390: 1.165805 argmax 8390
 8390[nll] #241 tok 14273: 0.690539 argmax 14273
 14273[nll] #242 tok 283: 1.274890 argmax 283
 283[nll] #243 tok 220: 0.263109 argmax 220
 220[nll] #244 tok 21: 0.000986 argmax 21
 21[nll] #245 tok 15: 0.000446 argmax 15
 15[nll] #246 tok 471: 0.340563 argmax 471
 471[nll] #247 tok 274: 0.097651 argmax 274
 274[nll] #248 tok 471: 0.004242 argmax 471
 471[nll] #249 tok 324: 0.000580 argmax 324
 324[nll] #250 tok 11: 0.751534 argmax 11
 11[nll] #251 tok 4528: 0.897764 argmax 4528
 4528[nll] #252 tok 8390: 0.251900 argmax 8390
 8390[nll] #253 tok 283: 0.205446 argmax 283
 283[nll] #254 tok 220: 0.341044 argmax 220
 220[nll] #255 tok 19: 0.000133 argmax 19
 19[nll] #256 tok 15: 0.000002 argmax 15
 15[nll] #257 tok 15: 0.000010 argmax 15
 15[nll] #258 tok 471: 0.009713 argmax 471
 471[nll] #259 tok 220: 0.178024 argmax 220
 220[nll] #260 tok 17: 0.000393 argmax 17
 17[nll] #261 tok 82: 0.000022 argmax 82
 82[nll] #262 tok 471: 0.000800 argmax 471
 471[nll] #263 tok 220: 0.438711 argmax 220
 220[nll] #264 tok 16: 0.000056 argmax 16
 16[nll] #265 tok 16: 0.000027 argmax 16
 16[nll] #266 tok 75: 0.000149 argmax 75
 75[nll] #267 tok 13: 0.083244 argmax 13
 13[nll] #268 tok 23587: 1.571085 argmax 23587
 23587[nll] #269 tok 14273: 0.978837 argmax 14273
 14273[nll] #270 tok 4528: 1.127896 argmax 4528
 4528[nll] #271 tok 220: 0.045509 argmax 220
 220[nll] #272 tok 20: 0.000814 argmax 20
 20[nll] #273 tok 11: 1.265230 argmax 1754
 11[nll] #274 tok 1698: 0.671509 argmax 1698
 1698[nll] #275 tok 220: 0.513858 argmax 220
 220[nll] #276 tok 16: 0.013454 argmax 16
 16[nll] #277 tok 13: 0.216647 argmax 13
 13[nll] #278 tok 1946: 1.414207 argmax 1946
 1946[nll] #279 tok 33363: 0.065913 argmax 33363
 33363[nll] #280 tok 4528: 0.464715 argmax 4528
 4528[nll] #281 tok 11: 0.832220 argmax 11
 11[nll] #282 tok 4990: 0.845838 argmax 4990
 4990[nll] #283 tok 9376: 0.744840 argmax 9376
 9376[nll] #284 tok 440: 0.758721 argmax 440
 440[nll] #285 tok 10728: 0.304602 argmax 10728
 10728[nll] #286 tok 413: 0.430474 argmax 413
 413[nll] #287 tok 3102: 0.797440 argmax 3102
 3102[nll] #288 tok 11: 0.916611 argmax 11
 11[nll] #289 tok 694: 0.397767 argmax 694
 694[nll] #290 tok 4528: 1.096603 argmax 4528
 4528[nll] #291 tok 20908: 0.996881 argmax 20908
 20908[nll] #292 tok 1189: 0.506959 argmax 1189
 1189[nll] #293 tok 10403: 1.049926 argmax 10403
 10403[nll] #294 tok 13: 0.166690 argmax 13
 13[nll] #295 tok 8439: 0.843953 argmax 8439
 8439[nll] #296 tok 10728: 0.204455 argmax 10728
 10728[nll] #297 tok 4528: 1.023596 argmax 4528
 4528[nll] #298 tok 791: 0.590257 argmax 791
 791[nll] #299 tok 3618: 0.047821 argmax 3618
 3618[nll] #300 tok 220: 0.112579 argmax 220
 220[nll] #301 tok 20: 0.000386 argmax 20
 20[nll] #302 tok 11: 0.625016 argmax 11
 11[nll] #303 tok 2526: 0.590774 argmax 2526
 2526[nll] #304 tok 220: 0.091199 argmax 220
 220[nll] #305 tok 17: 0.000474 argmax 17
 17[nll] #306 tok 11: 0.151535 argmax 11
 11[nll] #307 tok 3349: 0.003992 argmax 3349
 3349[nll] #308 tok 220: 0.005133 argmax 220
 220[nll] #309 tok 16: 0.000120 argmax 16
 16[nll] #310 tok 16: 0.000714 argmax 16
 16[nll] #311 tok 13: 0.311653 argmax 13
 13[nll] #312 tok 19670: 1.095832 argmax 19670
 19670[nll] #313 tok 682: 1.459561 argmax 682
 682[nll] #314 tok 1496: 0.691176 argmax 1496
 1496[nll] #315 tok 4528: 0.165799 argmax 4528
 4528[nll] #316 tok 791: 0.638353 argmax 791
 791[nll] #317 tok 3618: 0.057679 argmax 3618
 3618[nll] #318 tok 694: 0.287938 argmax 694
 694[nll] #319 tok 7225: 0.577664 argmax 7225
 7225[nll] #320 tok 2526: 0.491715 argmax 2526
 2526[nll] #321 tok 13: 0.911721 argmax 13
 13[nll] #322 tok 14235: 1.291468 argmax 14235
 14235[nll] #323 tok 7308: 2.027874 argmax 7308
 7308[nll] #324 tok 13: 0.236312 argmax 13
 13[nll] #325 tok 271: 0.033551 argmax 271
 271[nll] #326 tok 12525: 1.226956 argmax 12525
 12525[nll] #327 tok 11290: 1.472023 argmax 11290
 11290[nll] #328 tok 4417: 0.597692 argmax 4417
 4417[nll] #329 tok 13094: 1.017023 argmax 13094
 13094[nll] #330 tok 15019: 0.129399 argmax 15019
 15019[nll] #331 tok 14: 0.875360 argmax 14
 14[nll] #332 tok 11326: 0.114945 argmax 11326
 11326[nll] #333 tok 13: 0.125967 argmax 13
 13[nll] #334 tok 6558: 0.863677 argmax 6558
 6558[nll] #335 tok 579: 0.233703 argmax 579
 579[nll] #336 tok 41020: 0.880173 argmax 41020
 41020[nll] #337 tok 13: 0.218627 argmax 13
 13[nll] #338 tok 271: 0.172021 argmax 271
 271[nll] #339 tok 9764: 1.675958 argmax 9764
 9764[nll] #340 tok 274: 0.790473 argmax 274
 274[nll] #341 tok 283: 0.709367 argmax 283
 283[nll] #342 tok 220: 0.009352 argmax 220
 220[nll] #343 tok 17: 0.000080 argmax 17
 17[nll] #344 tok 75: 0.000062 argmax 75
 75[nll] #345 tok 478: 0.000215 argmax 478
 478[nll] #346 tok 830: 0.669157 argmax 830
 830[nll] #347 tok 11: 0.160514 argmax 11
 11[nll] #348 tok 830: 0.002727 argmax 830
 830[nll] #349 tok 9628: 0.395176 argmax 9628
 9628[nll] #350 tok 15: 0.000045 argmax 15
 15[nll] #351 tok 7308: 0.449572 argmax 7308
 7308[nll] #352 tok 13: 0.196527 argmax 13
 13[nll] #353 tok 4844: 0.397046 argmax 4844
 4844[nll] #354 tok 16484: 1.129959 argmax 16484
 16484[nll] #355 tok 25: 0.002560 argmax 25
 25[nll] #356 tok 198: 0.041813 argmax 198
 198[nll] #357 tok 7: 0.895029 argmax 7
 7[nll] #358 tok 17: 0.027678 argmax 17
 17[nll] #359 tok 75: 0.002490 argmax 75
 75[nll] #360 tok 36641: 0.010167 argmax 36641
 36641[nll] #361 tok 7030: 0.065040 argmax 7030
 7030[nll] #362 tok 76: 0.002235 argmax 76
 76[nll] #363 tok 73314: 0.000456 argmax 73314
 73314[nll] #364 tok 283: 0.319771 argmax 283
 283[nll] #365 tok 220: 0.912096 argmax 220
 220[nll] #366 tok 18: 0.000657 argmax 18
 18[nll] #367 tok 75: 0.000067 argmax 75
 75[nll] #368 tok 478: 0.137142 argmax 478
 478[nll] #369 tok 830: 0.101909 argmax 830
 830[nll] #370 tok 478: 0.000074 argmax 478
 478[nll] #371 tok 295: 0.000048 argmax 295
 295[nll] #372 tok 2564: 0.000074 argmax 2564
 2564[nll] #373 tok 21: 0.604869 argmax 21
 21[nll] #374 tok 15: 0.000004 argmax 15
 15[nll] #375 tok 574: 0.777420 argmax 574
 574[nll] #376 tok 295: 0.051437 argmax 295
 295[nll] #377 tok 2564: 0.012607 argmax 2564
 2564[nll] #378 tok 220: 0.303449 argmax 220
 220[nll] #379 tok 21: 0.002809 argmax 21
 21[nll] #380 tok 15: 0.000040 argmax 15
 15[nll] #381 tok 471: 0.044163 argmax 471
 471[nll] #382 tok 220: 0.377651 argmax 220
 220[nll] #383 tok 18: 0.000034 argmax 18
 18[nll] #384 tok 75: 0.000003 argmax 75
 75[nll] #385 tok 471: 0.000008 argmax 471
 471[nll] #386 tok 830: 0.000245 argmax 830
 830[nll] #387 tok 13: 0.113221 argmax 13
 13[nll] #388 tok 198: 0.024645 argmax 198
 198[nll] #389 tok 8037: 0.073510 argmax 8037
 8037[nll] #390 tok 25: 0.348531 argmax 25
 25[nll] #391 tok 220: 0.005366 argmax 220
 220[nll] #392 tok 17: 0.006338 argmax 17
 17[nll] #393 tok 7: 0.004855 argmax 7
 7[nll] #394 tok 17: 0.000020 argmax 17
 17[nll] #395 tok 75: 0.000003 argmax 75
 75[nll] #396 tok 36641: 0.000081 argmax 36641
 36641[nll] #397 tok 7030: 0.006383 argmax 7030
 7030[nll] #398 tok 20: 0.017197 argmax 20
 20[nll] #399 tok 76: 0.000206 argmax 76
 76[nll] #400 tok 10: 0.000386 argmax 10
 10[nll] #401 tok 16: 0.000030 argmax 16
 16[nll] #402 tok 16: 0.000003 argmax 16
 16[nll] #403 tok 75: 0.000047 argmax 75
 75[nll] #404 tok 283: 0.006396 argmax 283
 283[nll] #405 tok 220: 0.022456 argmax 220
 220[nll] #406 tok 16: 0.244916 argmax 16
 16[nll] #407 tok 20: 0.003842 argmax 20
 20[nll] #408 tok 75: 0.000159 argmax 75
 75[nll] #409 tok 478: 0.051319 argmax 478
 478[nll] #410 tok 220: 0.053528 argmax 220
 220[nll] #411 tok 17: 0.000454 argmax 17
 17[nll] #412 tok 87: 0.000101 argmax 87
 87[nll] #413 tok 478: 0.000656 argmax 478
 478[nll] #414 tok 220: 0.708069 argmax 20
 220[nll] #415 tok 20: 0.000197 argmax 20
 20[nll] #416 tok 76: 0.000030 argmax 76
 76[nll] #417 tok 2564: 0.001340 argmax 2564
 2564[nll] #418 tok 19: 0.013005 argmax 19
 19[nll] #419 tok 15: 0.000004 argmax 15
 15[nll] #420 tok 15: 0.000006 argmax 15
 15[nll] #421 tok 13: 0.398665 argmax 13
 13[nll] #422 tok 198: 0.169112 argmax 198
 198[nll] #423 tok 5786: 0.074994 argmax 5786
 5786[nll] #424 tok 11514: 0.685556 argmax 11514
 11514[nll] #425 tok 457: 0.274855 argmax 457
 457[nll] #426 tok 283: 0.621285 argmax 283
 283[nll] #427 tok 220: 0.170911 argmax 220
 220[nll] #428 tok 16: 0.006116 argmax 16
 16[nll] #429 tok 20: 0.000448 argmax 20
 20[nll] #430 tok 75: 0.000136 argmax 75
 75[nll] #431 tok 478: 0.607877 argmax 478
 478[nll] #432 tok 220: 0.163944 argmax 220
 220[nll] #433 tok 17: 0.000062 argmax 17
 17[nll] #434 tok 87: 0.000041 argmax 87
 87[nll] #435 tok 478: 0.005099 argmax 478
 478[nll] #436 tok 220: 0.400818 argmax 220
 220[nll] #437 tok 20: 0.000032 argmax 20
 20[nll] #438 tok 76: 0.000038 argmax 76
 76[nll] #439 tok 13: 0.177528 argmax 13
 13[nll] #440 tok 271: 0.866790 argmax 271
 271[nll] #441 tok 2381: 0.548566 argmax 2381
 2381[nll] #442 tok 8097: 0.183539 argmax 8097
 8097[nll] #443 tok 324: 0.003086 argmax 324
 324[nll] #444 tok 12435: 0.378392 argmax 12435
 12435[nll] #445 tok 11: 0.024886 argmax 11
 11[nll] #446 tok 295: 1.480743 argmax 295
 295[nll] #447 tok 1866: 0.653400 argmax 1866
 1866[nll] #448 tok 283: 1.203546 argmax 283
 283[nll] #449 tok 1262: 0.010594 argmax 1262
 1262[nll] #450 tok 7: 0.009374 argmax 7
 7[nll] #451 tok 21: 0.004201 argmax 21
 21[nll] #452 tok 15: 0.000194 argmax 15
 15[nll] #453 tok 12: 0.266122 argmax 12
 12[nll] #454 tok 18: 0.000004 argmax 18
 18[nll] #455 tok 75: 0.000012 argmax 75
 75[nll] #456 tok 6354: 0.000090 argmax 6354
 6354[nll] #457 tok 11: 0.000849 argmax 11
 11[nll] #458 tok 6220: 0.001380 argmax 6220
 6220[nll] #459 tok 1148: 0.000068 argmax 1148
 1148[nll] #460 tok 19: 0.000286 argmax 19
 19[nll] #461 tok 15: 0.000037 argmax 15
 15[nll] #462 tok 15: 0.000399 argmax 15
 15[nll] #463 tok 12: 0.102468 argmax 12
 12[nll] #464 tok 16: 0.000720 argmax 16
 16[nll] #465 tok 20: 0.000087 argmax 20
 20[nll] #466 tok 75: 0.000024 argmax 75
 75[nll] #467 tok 12: 0.000098 argmax 12
 12[nll] #468 tok 17: 0.000058 argmax 17
 17[nll] #469 tok 87: 0.000012 argmax 87
 87[nll] #470 tok 5443: 0.000273 argmax 5443
 5443[nll] #471 tok 20: 0.000066 argmax 20
 20[nll] #472 tok 4430: 0.716138 argmax 4430
 4430[nll] #473 tok 457: 1.423422 argmax 457
 457[nll] #474 tok 283: 0.378889 argmax 283
 283[nll] #475 tok 220: 0.111683 argmax 220
 220[nll] #476 tok 16: 0.004292 argmax 16
 16[nll] #477 tok 20: 0.000312 argmax 20
 20[nll] #478 tok 75: 0.000028 argmax 75
 75[nll] #479 tok 10: 0.131706 argmax 10
 10[nll] #480 tok 17: 0.000017 argmax 17
 17[nll] #481 tok 87: 0.000004 argmax 87
 87[nll] #482 tok 10: 0.018749 argmax 10
 10[nll] #483 tok 20: 0.000125 argmax 20
 20[nll] #484 tok 76: 0.052592 argmax 76
 76[nll] #485 tok 13: 0.091045 argmax 13
 13[nll] #486 tok 8439: 1.413183 argmax 8439
 8439[nll] #487 tok 295: 0.660458 argmax 295
 295[nll] #488 tok 4528: 1.435223 argmax 4528
 4528[nll] #489 tok 220: 0.547343 argmax 220
 220[nll] #490 tok 20: 0.000751 argmax 20
 20[nll] #491 tok 11: 0.941456 argmax 11
 11[nll] #492 tok 413: 0.890429 argmax 413
 413[nll] #493 tok 4528: 0.817944 argmax 4528
 4528[nll] #494 tok 20908: 0.541455 argmax 20908
 20908[nll] #495 tok 524: 0.612081 argmax 524
 524[nll] #496 tok 10649: 0.181349 argmax 10649
 10649[nll] #497 tok 11: 0.464390 argmax 11
 11[nll] #498 tok 457: 1.086116 argmax 457
 457[nll] #499 tok 283: 0.759291 argmax 283
 283[nll] #500 tok 220: 0.159005 argmax 220
 220[nll] #501 tok 16: 0.098573 argmax 16
 16[nll] #502 tok 20: 0.002672 argmax 20
 20[nll] #503 tok 75: 0.001056 argmax 75
 75[nll] #504 tok 10: 0.022146 argmax 10
 10[nll] #505 tok 17: 0.000395 argmax 17
 17[nll] #506 tok 87: 0.000072 argmax 87
 87[nll] #507 tok 10: 0.008140 argmax 10
 10[nll] #508 tok 20: 0.001629 argmax 20
 20[nll] #509 tok 7: 0.043361 argmax 7
 7[nll] #510 tok 21: 0.000308 argmax 21
 21[nll] #511 tok 15: 0.000032 argmax 15
 15[nll] #512 tok 12: 0.000416 argmax 12
 12[nll] #513 tok 18: 0.000052 argmax 18
 18[nll] #514 tok 75: 0.000012 argmax 75
 75[nll] #515 tok 6354: 0.000245 argmax 6354
 6354[nll] #516 tok 11393: 0.181451 argmax 11393
 11393[nll] #517 tok 18: 0.055214 argmax 18
 18[nll] #518 tok 15: 0.001413 argmax 15
 15[nll] #519 tok 15: 0.000819 argmax 15
 15[nll] #520 tok 471: 0.641566 argmax 471
 471[nll] #521 tok 18: 0.478002 argmax 18
 18[nll] #522 tok 75: 0.050696 argmax 75
 75[nll] #523 tok 471: 0.079267 argmax 471
 471[nll] #524 tok 18: 0.028512 argmax 18
 18[nll] #525 tok 87: 0.001003 argmax 87
 87[nll] #526 tok 30: 0.057826 argmax 30
 30[nll] #527 tok 13428: 0.098557 argmax 13428
 13428[nll] #528 tok 220: 0.478605 argmax 220
 220[nll] #529 tok 16: 0.167387 argmax 16
 16[nll] #530 tok 20: 0.000164 argmax 20
 20[nll] #531 tok 75: 0.000184 argmax 75
 75[nll] #532 tok 10: 0.357261 argmax 10
 10[nll] #533 tok 17: 0.162870 argmax 17
 17[nll] #534 tok 87: 0.000060 argmax 87
 87[nll] #535 tok 10: 0.063035 argmax 10
 10[nll] #536 tok 18: 0.035720 argmax 18
 18[nll] #537 tok 15: 0.000032 argmax 15
 15[nll] #538 tok 15: 0.000027 argmax 15
 15[nll] #539 tok 12: 0.051810 argmax 12
 12[nll] #540 tok 16: 0.000252 argmax 16
 16[nll] #541 tok 20: 0.000084 argmax 20
 20[nll] #542 tok 75: 0.000065 argmax 75
 75[nll] #543 tok 12: 0.000703 argmax 12
 12[nll] #544 tok 20: 0.001792 argmax 20
 20[nll] #545 tok 87: 0.000043 argmax 87
 87[nll] #546 tok 28: 0.483786 argmax 28
 28[nll] #547 tok 18: 0.000029 argmax 18
 18[nll] #548 tok 15: 0.000018 argmax 15
 15[nll] #549 tok 15: 0.000044 argmax 15
 15[nll] #550 tok 12: 0.034042 argmax 12
 12[nll] #551 tok 18: 0.000452 argmax 18
 18[nll] #552 tok 87: 0.193693 argmax 87
 87[nll] #553 tok 13: 0.945706 argmax 13
 13[nll] #554 tok 9209: 1.369562 argmax 9209
 9209[nll] #555 tok 314: 0.266656 argmax 314
 314[nll] #556 tok 324: 0.000262 argmax 324
 324[nll] #557 tok 413: 1.026596 argmax 413
 413[nll] #558 tok 1698: 0.464464 argmax 1698
 1698[nll] #559 tok 10649: 0.366689 argmax 10649
 10649[nll] #560 tok 13: 0.658715 argmax 13
 13[nll] #561 tok 1368: 0.844279 argmax 1368
 1368[nll] #562 tok 4528: 0.294973 argmax 4528
 4528[nll] #563 tok 10649: 0.176859 argmax 10649
 10649[nll] #564 tok 11: 0.117038 argmax 11
 11[nll] #565 tok 457: 0.038464 argmax 457
 457[nll] #566 tok 28: 1.139314 argmax 28
 28[nll] #567 tok 19: 0.010871 argmax 19
 19[nll] #568 tok 15: 0.000007 argmax 15
 15[nll] #569 tok 15: 0.000021 argmax 15
 15[nll] #570 tok 13: 0.667349 argmax 13
 13[nll] #571 tok 14235: 1.490241 argmax 14235
 14235[nll] #572 tok 1436: 0.664583 argmax 1436
 1436[nll] #573 tok 413: 0.657268 argmax 413
 413[nll] #574 tok 40803: 1.146167 argmax 40803
 40803[nll] #575 tok 310: 1.608920 argmax 310
 310[nll] #576 tok 5372: 0.623591 argmax 5372
 5372[nll] #577 tok 220: 0.044028 argmax 220
 220[nll] #578 tok 19: 0.000131 argmax 19
 19[nll] #579 tok 15: 0.000001 argmax 15
 15[nll] #580 tok 15: 0.000013 argmax 15
 15[nll] #581 tok 13: 0.413618 argmax 13
 13[nll] #582 tok 271: 0.532449 argmax 271
 271[nll] #583 tok 22916: 2.044401 argmax 22916
 22916[nll] #584 tok 33363: 0.656490 argmax 33363
 33363[nll] #585 tok 457: 0.964240 argmax 457
 457[nll] #586 tok 2564: 1.010852 argmax 2564
 2564[nll] #587 tok 19: 0.140188 argmax 19
 19[nll] #588 tok 15: 0.000038 argmax 15
 15[nll] #589 tok 15: 0.000005 argmax 15
 15[nll] #590 tok 13: 0.251665 argmax 13
 13[nll] #591 tok 1368: 1.461253 argmax 1368
 1368[nll] #592 tok 40803: 1.237991 argmax 40803
 40803[nll] #593 tok 457: 0.574058 argmax 457
 457[nll] #594 tok 28: 0.000987 argmax 28
 28[nll] #595 tok 19: 0.000072 argmax 19
 19[nll] #596 tok 15: 0.000001 argmax 15
 15[nll] #597 tok 15: 0.000035 argmax 15
 15[nll] #598 tok 11: 0.779482 argmax 11
 11[nll] #599 tok 4087: 0.150550 argmax 4087
 4087[nll] #600 tok 220: 0.067285 argmax 220
 220[nll] #601 tok 19: 0.000037 argmax 19
 19[nll] #602 tok 15: 0.000002 argmax 15
 15[nll] #603 tok 15: 0.000002 argmax 15
 15[nll] #604 tok 13: 0.144762 argmax 13
 13[nll] #605 tok 14235: 0.575616 argmax 14235
 14235[nll] #606 tok 1716: 0.651946 argmax 1716
 1716[nll] #607 tok 413: 0.647164 argmax 413
 413[nll] #608 tok 1017: 1.142391 argmax 1017
 1017[nll] #609 tok 2905: 1.050498 argmax 2905
 2905[nll] #610 tok 7308: 1.321856 argmax 7308
 7308[nll] #611 tok 274: 0.491458 argmax 274
 274[nll] #612 tok 12709: 0.024329 argmax 12709
 12709[nll] #613 tok 21518: 0.000063 argmax 21518
 21518[nll] #614 tok 34860: 0.199102 argmax 34860
 34860[nll] #615 tok 16484: 0.275959 argmax 16484
 16484[nll] #616 tok 321: 0.787507 argmax 321
 321[nll] #617 tok 457: 0.771600 argmax 457
 457[nll] #618 tok 28: 0.007849 argmax 28
 28[nll] #619 tok 19: 0.000216 argmax 19
 19[nll] #620 tok 15: 0.000025 argmax 15
 15[nll] #621 tok 15: 0.000012 argmax 15
 15[nll] #622 tok 13: 0.614005 argmax 13
 13[nll] #623 tok 1368: 1.238088 argmax 1368
 1368[nll] #624 tok 9542: 0.436637 argmax 9542
 9542[nll] #625 tok 7526: 0.502974 argmax 7526
 7526[nll] #626 tok 220: 0.551603 argmax 220
 220[nll] #627 tok 19: 0.000030 argmax 19
 19[nll] #628 tok 15: 0.000001 argmax 15
 15[nll] #629 tok 15: 0.000006 argmax 15
 15[nll] #630 tok 13: 0.090733 argmax 13
 13[nll] #631 tok 1921: 1.345632 argmax 1921
 1921[nll] #632 tok 6970: 0.770703 argmax 6970
 6970[nll] #633 tok 1698: 1.305572 argmax 1698
 1698[nll] #634 tok 20908: 0.295754 argmax 20908
 20908[nll] #635 tok 27028: 0.175372 argmax 27028
 27028[nll] #636 tok 220: 0.429135 argmax 220
 220[nll] #637 tok 19: 0.000131 argmax 19
 19[nll] #638 tok 15: 0.000002 argmax 15
 15[nll] #639 tok 15: 0.000024 argmax 15
 15[nll] #640 tok 30: 0.350483 argmax 30
 30[nll] #641 tok 6558: 0.728032 argmax 6558
 6558[nll] #642 tok 579: 0.000149 argmax 579
 579[nll] #643 tok 1228: 0.848141 argmax 1228
 1228[nll] #644 tok 13: 0.036446 argmax 13
 13[nll] #645 tok 271: 0.507269 argmax 271
 271[nll] #646 tok 22916: 0.712651 argmax 22916
 22916[nll] #647 tok 457: 1.165384 argmax 457
 457[nll] #648 tok 28: 0.019162 argmax 28
 28[nll] #649 tok 19: 0.020440 argmax 19
 19[nll] #650 tok 15: 0.000012 argmax 15
 15[nll] #651 tok 15: 0.000017 argmax 15
 15[nll] #652 tok 11: 0.627483 argmax 11
 11[nll] #653 tok 274: 0.969736 argmax 274
 274[nll] #654 tok 57838: 0.688322 argmax 57838
 57838[nll] #655 tok 73314: 0.000236 argmax 73314
 73314[nll] #656 tok 7946: 0.553132 argmax 7946
 7946[nll] #657 tok 21: 0.000027 argmax 21
 21[nll] #658 tok 15: 0.000008 argmax 15
 15[nll] #659 tok 11: 0.037345 argmax 11
 11[nll] #660 tok 274: 0.028149 argmax 274
 274[nll] #661 tok 9628: 0.003043 argmax 9628
 9628[nll] #662 tok 17: 0.000009 argmax 17
 17[nll] #663 tok 75: 0.000071 argmax 75
 75[nll] #664 tok 13: 0.124637 argmax 13
 13[nll] #665 tok 8439: 1.533422 argmax 8439
 8439[nll] #666 tok 13914: 1.326657 argmax 13914
 13914[nll] #667 tok 6572: 1.696808 argmax 6572
 6572[nll] #668 tok 11: 0.404310 argmax 11
 11[nll] #669 tok 413: 1.702243 argmax 413
 413[nll] #670 tok 457: 0.311417 argmax 457
 457[nll] #671 tok 28: 0.004980 argmax 28
 28[nll] #672 tok 19: 0.000348 argmax 19
 19[nll] #673 tok 15: 0.000001 argmax 15
 15[nll] #674 tok 15: 0.000035 argmax 15
 15[nll] #675 tok 11: 1.119340 argmax 11
 11[nll] #676 tok 5289: 0.927825 argmax 5289
 5289[nll] #677 tok 4528: 0.029882 argmax 4528
 4528[nll] #678 tok 791: 0.416036 argmax 791
 791[nll] #679 tok 3618: 0.014768 argmax 3618
 3618[nll] #680 tok 2518: 0.626411 argmax 2518
 2518[nll] #681 tok 220: 0.773192 argmax 220
 220[nll] #682 tok 19: 0.022110 argmax 19
 19[nll] #683 tok 15: 0.000019 argmax 15
 15[nll] #684 tok 15: 0.000243 argmax 15
 15[nll] #685 tok 14: 0.037369 argmax 14
 14[nll] #686 tok 21: 0.023933 argmax 21
 21[nll] #687 tok 15: 0.000050 argmax 15
 15[nll] #688 tok 28: 0.787982 argmax 28
 28[nll] #689 tok 21: 0.000166 argmax 21
 21[nll] #690 tok 13: 0.000016 argmax 13
 13[nll] #691 tok 21: 0.000019 argmax 21
 21[nll] #692 tok 21: 0.005101 argmax 21
 21[nll] #693 tok 22: 0.573061 argmax 22
 22[nll] #694 tok 13: 0.499286 argmax 13
 13[nll] #695 tok 14235: 0.587475 argmax 14235
 14235[nll] #696 tok 1599: 1.381301 argmax 1599
 1599[nll] #697 tok 3349: 0.238830 argmax 3349
 3349[nll] #698 tok 14: 0.472219 argmax 14
 14[nll] #699 tok 25252: 0.004910 argmax 25252
 25252[nll] #700 tok 13: 0.101305 argmax 13
 13[nll] #701 tok 42794: 2.060778 argmax 42794
 42794[nll] #702 tok 274: 0.385140 argmax 274
 274[nll] #703 tok 9628: 0.064159 argmax 9628
 9628[nll] #704 tok 17: 0.000126 argmax 17
 17[nll] #705 tok 75: 0.000672 argmax 75
 75[nll] #706 tok 3254: 1.918372 argmax 3254
 3254[nll] #707 tok 506: 0.909547 argmax 506
 506[nll] #708 tok 3140: 0.011192 argmax 3140
 3140[nll] #709 tok 220: 0.182791 argmax 220
 220[nll] #710 tok 17: 0.402284 argmax 17
 17[nll] #711 tok 2526: 0.115959 argmax 2526
 2526[nll] #712 tok 791: 0.252750 argmax 791
 791[nll] #713 tok 3349: 0.003207 argmax 3349
 3349[nll] #714 tok 11: 0.829999 argmax 11
 11[nll] #715 tok 5289: 1.331420 argmax 5289
 5289[nll] #716 tok 314: 1.214618 argmax 314
 314[nll] #717 tok 2526: 1.141152 argmax 2526
 2526[nll] #718 tok 10: 0.022606 argmax 10
 10[nll] #719 tok 16275: 0.006082 argmax 16275
 16275[nll] #720 tok 6505: 1.165982 argmax 6505
 6505[nll] #721 tok 25: 1.065008 argmax 25
 25[nll] #722 tok 318: 1.078401 argmax 220
 318[nll] #723 tok 17: 0.063916 argmax 17
 17[nll] #724 tok 9: 0.237367 argmax 9
 9[nll] #725 tok 17: 0.029004 argmax 17
 17[nll] #726 tok 10: 0.112656 argmax 10
 10[nll] #727 tok 16: 0.000649 argmax 16
 16[nll] #728 tok 16: 0.015525 argmax 16
 16[nll] #729 tok 5443: 0.056690 argmax 5443
 5443[nll] #730 tok 18: 0.001627 argmax 18
 18[nll] #731 tok 28: 0.224076 argmax 28
 28[nll] #732 tok 16: 0.141452 argmax 16
 16[nll] #733 tok 20: 0.000920 argmax 20
 20[nll] #734 tok 14: 0.000163 argmax 14
 14[nll] #735 tok 18: 0.000606 argmax 18
 18[nll] #736 tok 28: 0.006417 argmax 28
 28[nll] #737 tok 20: 0.000408 argmax 20
 20[nll] #738 tok 20332: 0.806423 argmax 20332
 20332[nll] #739 tok 791: 0.290784 argmax 791
 791[nll] #740 tok 3618: 0.064160 argmax 3618
 3618[nll] #741 tok 13: 0.638452 argmax 13
 13[nll] #742 tok 23587: 0.749830 argmax 23587
 23587[nll] #743 tok 220: 0.212204 argmax 220
 220[nll] #744 tok 20: 0.000272 argmax 20
 20[nll] #745 tok 13: 0.181413 argmax 13
 13[nll] #746 tok 1987: 0.595267 argmax 1987
 1987[nll] #747 tok 5289: 1.859121 argmax 5289
 5289[nll] #748 tok 1866: 1.467727 argmax 1866
 1866[nll] #749 tok 30: 0.773553 argmax 30
 30[nll] #750 tok 1368: 0.791301 argmax 1368
 1368[nll] #751 tok 660: 0.971012 argmax 660
 660[nll] #752 tok 14273: 0.956275 argmax 14273
 14273[nll] #753 tok 513: 1.130612 argmax 513
 513[nll] #754 tok 10728: 1.521551 argmax 10728
 10728[nll] #755 tok 466: 1.101000 argmax 466
 466[nll] #756 tok 2526: 1.098991 argmax 2526
 2526[nll] #757 tok 37852: 0.620596 argmax 37852
 37852[nll] #758 tok 85514: 1.521316 argmax 5038
 85514[nll] #759 tok 5289: 0.857990 argmax 5289
 5289[nll] #760 tok 220: 0.157149 argmax 220
 220[nll] #761 tok 20: 0.001111 argmax 20
 20[nll] #762 tok 13: 0.677946 argmax 13
 13[nll] #763 tok 13428: 1.743514 argmax 13428
 13428[nll] #764 tok 2526: 1.363501 argmax 3349
 2526[nll] #765 tok 10: 1.142049 argmax 10
 10[nll] #766 tok 16275: 0.140211 argmax 16275
 16275[nll] #767 tok 11013: 1.993801 argmax 11013
 11013[nll] #768 tok 506: 1.437405 argmax 506
 506[nll] #769 tok 3140: 0.022946 argmax 3140
 3140[nll] #770 tok 220: 0.030381 argmax 220
 220[nll] #771 tok 17: 0.084150 argmax 17
 17[nll] #772 tok 25: 0.191433 argmax 25
 25[nll] #773 tok 16: 0.144579 argmax 16
 16[nll] #774 tok 11: 0.996071 argmax 11
 11[nll] #775 tok 279: 2.082798 argmax 4528
 279[nll] #776 tok 5289: 1.845127 argmax 5289
 5289[nll] #777 tok 4528: 0.110409 argmax 4528
 4528[nll] #778 tok 314: 0.355592 argmax 314
 314[nll] #779 tok 2526: 1.276275 argmax 2526
 2526[nll] #780 tok 10: 0.718234 argmax 10
 10[nll] #781 tok 16275: 0.008621 argmax 16275
 16275[nll] #782 tok 14273: 2.012384 argmax 14273
 14273[nll] #783 tok 369: 1.357936 argmax 369
 369[nll] #784 tok 506: 0.439999 argmax 506
 506[nll] #785 tok 1379: 0.089219 argmax 1379
 1379[nll] #786 tok 30: 0.345180 argmax 30
 30[nll] #787 tok 1690: 0.936360 argmax 1690
 1690[nll] #788 tok 274: 1.501059 argmax 274
 274[nll] #789 tok 28: 0.481597 argmax 28
 28[nll] #790 tok 17: 0.000234 argmax 17
 17[nll] #791 tok 75: 0.001525 argmax 75
 75[nll] #792 tok 6681: 0.441901 argmax 6681
 6681[nll] #793 tok 11: 0.314963 argmax 11
 11[nll] #794 tok 5289: 0.968077 argmax 5289
 5289[nll] #795 tok 4528: 1.184112 argmax 4528
 4528[nll] #796 tok 314: 1.027835 argmax 314
 314[nll] #797 tok 274: 0.875794 argmax 274
 274[nll] #798 tok 73314: 0.236340 argmax 73314
 73314[nll] #799 tok 14273: 0.152157 argmax 14273
 14273[nll] #800 tok 283: 0.136422 argmax 283
 283[nll] #801 tok 318: 0.063920 argmax 318
 318[nll] #802 tok 19: 0.145572 argmax 19
 19[nll] #803 tok 75: 0.161703 argmax 75
 75[nll] #804 tok 10: 0.006934 argmax 10
 10[nll] #805 tok 16: 0.000114 argmax 16
 16[nll] #806 tok 16: 0.000051 argmax 16
 16[nll] #807 tok 75: 0.000244 argmax 75
 75[nll] #808 tok 23493: 0.123535 argmax 23493
 23493[nll] #809 tok 18: 0.000346 argmax 18
 18[nll] #810 tok 75: 0.000040 argmax 75
 75[nll] #811 tok 11393: 0.003113 argmax 11393
 11393[nll] #812 tok 20: 0.108444 argmax 20
 20[nll] #813 tok 13: 0.126646 argmax 13
 13[nll] #814 tok 1368: 0.484601 argmax 1368
 1368[nll] #815 tok 274: 0.267157 argmax 274
 274[nll] #816 tok 29: 0.113460 argmax 29
 29[nll] #817 tok 17: 0.000044 argmax 17
 17[nll] #818 tok 75: 0.000045 argmax 75
 75[nll] #819 tok 11: 0.199267 argmax 11
 11[nll] #820 tok 5289: 0.363314 argmax 5289
 5289[nll] #821 tok 4570: 0.512572 argmax 4570
 4570[nll] #822 tok 13: 0.939988 argmax 13
 13[nll] #823 tok 23587: 0.211636 argmax 23587
 23587[nll] #824 tok 220: 1.396875 argmax 220
 220[nll] #825 tok 20: 0.000330 argmax 20
 20[nll] #826 tok 13: 0.008533 argmax 13
 13[nll] #827 tok 13891: 0.660503 argmax 13891
 13891[nll] #828 tok 866: 1.307562 argmax 866
 866[nll] #829 tok 42304: 0.635500 argmax 42304
 42304[nll] #830 tok 34860: 0.151530 argmax 34860
 34860[nll] #831 tok 274: 0.041506 argmax 274
 274[nll] #832 tok 9628: 0.018080 argmax 9628
 9628[nll] #833 tok 17: 0.000021 argmax 17
 17[nll] #834 tok 75: 0.000180 argmax 75
 75[nll] #835 tok 682: 0.085673 argmax 682
 682[nll] #836 tok 5289: 0.403456 argmax 5289
 5289[nll] #837 tok 4528: 0.014541 argmax 4528
 4528[nll] #838 tok 2564: 0.444523 argmax 2564
 2564[nll] #839 tok 20: 0.110387 argmax 20
 20[nll] #840 tok 20332: 0.663578 argmax 20332
 20332[nll] #841 tok 791: 0.459961 argmax 791
 791[nll] #842 tok 3618: 0.000942 argmax 3618
 3618[nll] #843 tok 30: 0.324596 argmax 30
 30[nll] #844 tok 6558: 0.078529 argmax 6558
 6558[nll] #845 tok 579: 0.000086 argmax 579
 579[nll] #846 tok 1716: 0.466898 argmax 1716
 1716[nll] #847 tok 25: 0.103807 argmax 25
 25[nll] #848 tok 457: 0.679439 argmax 457
 457[nll] #849 tok 283: 0.249546 argmax 283
 283[nll] #850 tok 220: 0.264116 argmax 220
 220[nll] #851 tok 17: 0.015951 argmax 17
 17[nll] #852 tok 82: 0.000085 argmax 82
 82[nll] #853 tok 10: 0.019257 argmax 10
 10[nll] #854 tok 20: 0.001112 argmax 20
 20[nll] #855 tok 76: 0.000037 argmax 76
 76[nll] #856 tok 10: 0.000007 argmax 10
 10[nll] #857 tok 16: 0.000009 argmax 16
 16[nll] #858 tok 16: 0.000008 argmax 16
 16[nll] #859 tok 75: 0.000028 argmax 75
 75[nll] #860 tok 13: 0.165060 argmax 13
 13[nll] #861 tok 42794: 1.039096 argmax 42794
 42794[nll] #862 tok 274: 0.004957 argmax 274
 274[nll] #863 tok 9628: 0.109704 argmax 9628
 9628[nll] #864 tok 17: 0.000032 argmax 17
 17[nll] #865 tok 75: 0.000054 argmax 75
 75[nll] #866 tok 574: 0.336807 argmax 574
 574[nll] #867 tok 220: 0.034158 argmax 220
 220[nll] #868 tok 17: 0.548457 argmax 17
 17[nll] #869 tok 82: 0.001143 argmax 82
 82[nll] #870 tok 2518: 0.239493 argmax 2518
 2518[nll] #871 tok 19: 0.050656 argmax 19
 19[nll] #872 tok 75: 0.000524 argmax 75
 75[nll] #873 tok 13: 0.974679 argmax 574
 13[nll] #874 tok 4844: 0.780631 argmax 4844
 4844[nll] #875 tok 457: 0.108115 argmax 457
 457[nll] #876 tok 283: 0.622837 argmax 283
 283[nll] #877 tok 220: 0.166504 argmax 220
 220[nll] #878 tok 17: 0.119080 argmax 17
 17[nll] #879 tok 82: 0.007990 argmax 82
 82[nll] #880 tok 10: 0.032311 argmax 10
 10[nll] #881 tok 20: 0.024817 argmax 20
 20[nll] #882 tok 76: 0.000719 argmax 76
 76[nll] #883 tok 10: 0.000044 argmax 10
 10[nll] #884 tok 16: 0.000071 argmax 16
 16[nll] #885 tok 16: 0.000083 argmax 16
 16[nll] #886 tok 75: 0.000047 argmax 75
 75[nll] #887 tok 2564: 0.622811 argmax 2564
 2564[nll] #888 tok 30: 0.056976 argmax 30
 30[nll] #889 tok 14235: 1.376151 argmax 14235
 14235[nll] #890 tok 9150: 0.784993 argmax 9150
 9150[nll] #891 tok 310: 0.148136 argmax 310
 310[nll] #892 tok 220: 0.001142 argmax 220
 220[nll] #893 tok 20: 0.000084 argmax 20
 20[nll] #894 tok 1104: 0.070245 argmax 1104
 1104[nll] #895 tok 57838: 0.001728 argmax 57838
 57838[nll] #896 tok 73314: 0.000898 argmax 73314
 73314[nll] #897 tok 11504: 0.929011 argmax 11504
 11504[nll] #898 tok 220: 0.424888 argmax 220
 220[nll] #899 tok 20: 0.008748 argmax 20
 20[nll] #900 tok 1104: 1.131049 argmax 1104
 1104[nll] #901 tok 57838: 0.000587 argmax 57838
 57838[nll] #902 tok 73314: 0.000177 argmax 73314
 73314[nll] #903 tok 8: 0.612394 argmax 8
 8[nll] #904 tok 471: 0.239613 argmax 471
 471[nll] #905 tok 457: 0.002189 argmax 457
 457[nll] #906 tok 283: 0.000059 argmax 283
 283[nll] #907 tok 220: 0.227866 argmax 220
 220[nll] #908 tok 20: 0.011049 argmax 20
 20[nll] #909 tok 82: 0.000177 argmax 82
 82[nll] #910 tok 10: 0.002028 argmax 10
 10[nll] #911 tok 20: 0.000145 argmax 20
 20[nll] #912 tok 76: 0.000099 argmax 76
 76[nll] #913 tok 10: 0.000051 argmax 10
 10[nll] #914 tok 20: 0.000151 argmax 20
 20[nll] #915 tok 75: 0.000050 argmax 75
 75[nll] #916 tok 471: 0.003994 argmax 471
 471[nll] #917 tok 17: 0.459020 argmax 17
 17[nll] #918 tok 82: 0.000004 argmax 82
 82[nll] #919 tok 12: 0.055393 argmax 12
 12[nll] #920 tok 20: 0.000124 argmax 20
 20[nll] #921 tok 76: 0.000027 argmax 76
 76[nll] #922 tok 12: 0.000032 argmax 12
 12[nll] #923 tok 16: 0.000026 argmax 16
 16[nll] #924 tok 16: 0.000005 argmax 16
 16[nll] #925 tok 75: 0.000013 argmax 75
 75[nll] #926 tok 283: 0.042402 argmax 283
 283[nll] #927 tok 220: 0.643682 argmax 220
 220[nll] #928 tok 18: 0.000023 argmax 18
 18[nll] #929 tok 82: 0.001735 argmax 82
 82[nll] #930 tok 471: 0.079585 argmax 471
 471[nll] #931 tok 21: 0.050164 argmax 21
 21[nll] #932 tok 75: 0.000019 argmax 75
 75[nll] #933 tok 283: 0.004051 argmax 283
 283[nll] #934 tok 18: 0.671345 argmax 18
 18[nll] #935 tok 1104: 0.000037 argmax 1104
 1104[nll] #936 tok 12: 0.000032 argmax 12
 12[nll] #937 tok 17: 0.000006 argmax 17
 17[nll] #938 tok 75: 0.000014 argmax 75
 75[nll] #939 tok 8: 0.499624 argmax 8
 8[nll] #940 tok 2518: 0.000063 argmax 2518
 2518[nll] #941 tok 15: 0.000317 argmax 15
 15[nll] #942 tok 13: 0.002442 argmax 13
 13[nll] #943 tok 1987: 0.854936 argmax 1987
 1987[nll] #944 tok 457: 0.005862 argmax 457
 457[nll] #945 tok 2564: 0.000522 argmax 2564
 2564[nll] #946 tok 20: 0.491901 argmax 20
 20[nll] #947 tok 2702: 1.238048 argmax 2702
 2702[nll] #948 tok 14273: 0.017072 argmax 14273
 14273[nll] #949 tok 13: 0.256154 argmax 13
 13[nll] #950 tok 8439: 0.880427 argmax 8439
 8439[nll] #951 tok 2702: 0.086942 argmax 2702
 2702[nll] #952 tok 14273: 0.000458 argmax 14273
 14273[nll] #953 tok 2564: 0.021208 argmax 2564
 2564[nll] #954 tok 21: 0.000055 argmax 21
 21[nll] #955 tok 15: 0.000001 argmax 15
 15[nll] #956 tok 11: 0.002685 argmax 11
 11[nll] #957 tok 457: 0.002319 argmax 457
 457[nll] #958 tok 2564: 0.041242 argmax 2564
 2564[nll] #959 tok 18: 0.336631 argmax 18
 18[nll] #960 tok 15: 0.000008 argmax 15
 15[nll] #961 tok 15: 0.000008 argmax 15
 15[nll] #962 tok 13: 0.392864 argmax 13
 13[nll] #963 tok 15885: 0.055680 argmax 15885
 15885[nll] #964 tok 0: 0.573923 argmax 0
 0[nll] #965 tok 1987: 1.346293 argmax 1987
 1987[nll] #966 tok 1866: 0.584917 argmax 1866
 1866[nll] #967 tok 4528: 0.912728 argmax 4528
 4528[nll] #968 tok 220: 1.324351 argmax 220
 220[nll] #969 tok 18: 0.000629 argmax 18
 18[nll] #970 tok 15: 0.000025 argmax 15
 15[nll] #971 tok 15: 0.000005 argmax 15
 15[nll] #972 tok 11: 0.632190 argmax 11
 11[nll] #973 tok 524: 0.046574 argmax 524
 524[nll] #974 tok 220: 0.000682 argmax 220
 220[nll] #975 tok 19: 0.000043 argmax 19
 19[nll] #976 tok 15: 0.000008 argmax 15
 15[nll] #977 tok 15: 0.000360 argmax 15
 15[nll] #978 tok 13: 0.135164 argmax 13
 13[nll] #979 tok 27917: 1.660620 argmax 27917
 27917[nll] #980 tok 13: 0.055214 argmax 13
 13[nll] #981 tok 14235: 1.259333 argmax 14235
 14235[nll] #982 tok 33363: 0.807721 argmax 33363
 33363[nll] #983 tok 457: 1.470332 argmax 457
 457[nll] #984 tok 2564: 0.756228 argmax 2564
 2564[nll] #985 tok 20: 0.900028 argmax 20
 20[nll] #986 tok 77: 0.679881 argmax 77
 77[nll] #987 tok 2564: 0.382469 argmax 2564
 2564[nll] #988 tok 18: 0.054630 argmax 18
 18[nll] #989 tok 15: 0.000005 argmax 15
 15[nll] #990 tok 15: 0.000001 argmax 15
 15[nll] #991 tok 13: 0.255899 argmax 13
 13[nll] #992 tok 39767: 0.856489 argmax 39767
 39767[nll] #993 tok 571: 0.348142 argmax 571
 571[nll] #994 tok 220: 0.346216 argmax 220
 220[nll] #995 tok 18: 0.002034 argmax 18
 18[nll] #996 tok 15: 0.000028 argmax 15
 15[nll] #997 tok 15: 0.000007 argmax 15
 15[nll] #998 tok 413: 0.174260 argmax 413
 413[nll] #999 tok 2702: 0.758011 argmax 2702
 2702[nll] #1000 tok 14273: 0.003867 argmax 14273
 14273[nll] #1001 tok 28: 0.658472 argmax 28
 28[nll] #1002 tok 21: 0.000027 argmax 21
 21[nll] #1003 tok 15: 0.000001 argmax 15
 15[nll] #1004 tok 321: 0.006279 argmax 321
 321[nll] #1005 tok 274: 0.014895 argmax 274
 274[nll] #1006 tok 28: 0.000534 argmax 28
 28[nll] #1007 tok 17: 0.000005 argmax 17
 17[nll] #1008 tok 75: 0.000183 argmax 75
 75[nll] #1009 tok 318: 0.382779 argmax 318
 318[nll] #1010 tok 2083: 1.511245 argmax 2083
 2083[nll] #1011 tok 4799: 0.511615 argmax 4799
 4799[nll] #1012 tok 2526: 0.001383 argmax 2526
 2526[nll] #1013 tok 8: 0.837838 argmax 8
 8[nll] #1014 tok 321: 0.590998 argmax 321
 321[nll] #1015 tok 660: 0.476094 argmax 660
 660[nll] #1016 tok 4528: 1.581390 argmax 4528
 4528[nll] #1017 tok 5289: 2.012391 argmax 5289
 5289[nll] #1018 tok 220: 0.193358 argmax 220
 220[nll] #1019 tok 20: 0.000050 argmax 20
 20[nll] #1020 tok 13: 0.840746 argmax 13
 13[nll] #1021 tok 14235: 0.950226 argmax 14235
 14235[nll] #1022 tok 14159: 1.511655 argmax 14159
 14159[nll] #1023 tok 34860: 1.204488 argmax 440
 34860[nll] #1024 tok 274: 0.144608 argmax 274
 274[nll] #1025 tok 28: 0.080633 argmax 28
 28[nll] #1026 tok 17: 0.000372 argmax 17
 17[nll] #1027 tok 75: 0.001362 argmax 75
 75[nll] #1028 tok 11: 0.050773 argmax 11
 11[nll] #1029 tok 274: 0.433040 argmax 274
 274[nll] #1030 tok 57838: 0.004571 argmax 57838
 57838[nll] #1031 tok 73314: 0.003083 argmax 73314
 73314[nll] #1032 tok 28: 0.019444 argmax 28
 28[nll] #1033 tok 21: 0.002869 argmax 21
 21[nll] #1034 tok 15: 0.000008 argmax 15
 15[nll] #1035 tok 11: 0.176108 argmax 11
 11[nll] #1036 tok 4528: 0.446188 argmax 4528
 4528[nll] #1037 tok 28: 0.685691 argmax 28
 28[nll] #1038 tok 18: 0.197800 argmax 18
 18[nll] #1039 tok 15: 0.000088 argmax 15
 15[nll] #1040 tok 15: 0.000012 argmax 15
 15[nll] #1041 tok 9184: 0.907172 argmax 9184
 9184[nll] #1042 tok 30: 0.583086 argmax 30
 30[nll] #1043 tok 1368: 0.443006 argmax 1368
 1368[nll] #1044 tok 274: 0.002811 argmax 274
 274[nll] #1045 tok 28: 0.000402 argmax 28
 28[nll] #1046 tok 17: 0.000304 argmax 17
 17[nll] #1047 tok 75: 0.000223 argmax 75
 75[nll] #1048 tok 11: 0.215207 argmax 11
 11[nll] #1049 tok 457: 0.391885 argmax 457
 457[nll] #1050 tok 28: 0.120900 argmax 28
 28[nll] #1051 tok 16: 0.621113 argmax 16
 16[nll] #1052 tok 20: 0.002176 argmax 20
 20[nll] #1053 tok 75: 0.003365 argmax 75
 75[nll] #1054 tok 10: 0.015603 argmax 10
 10[nll] #1055 tok 20: 0.007018 argmax 20
 20[nll] #1056 tok 76: 0.000463 argmax 76
 76[nll] #1057 tok 11: 1.074898 argmax 11
 11[nll] #1058 tok 307: 1.050414 argmax 307
 307[nll] #1059 tok 28: 0.000683 argmax 28
 28[nll] #1060 tok 18: 0.001860 argmax 18
 18[nll] #1061 tok 75: 0.000052 argmax 75
 75[nll] #1062 tok 57838: 0.000124 argmax 57838
 57838[nll] #1063 tok 28: 0.087757 argmax 28
 28[nll] #1064 tok 21: 0.000167 argmax 21
 21[nll] #1065 tok 15: 0.000006 argmax 15
 15[nll] #1066 tok 574: 0.409462 argmax 574
 574[nll] #1067 tok 457: 0.168584 argmax 457
 457[nll] #1068 tok 28: 0.019986 argmax 28
 28[nll] #1069 tok 20: 0.206938 argmax 20
 20[nll] #1070 tok 7: 0.221663 argmax 7
 7[nll] #1071 tok 18: 0.001737 argmax 18
 18[nll] #1072 tok 75: 0.000027 argmax 75
 75[nll] #1073 tok 57838: 0.068452 argmax 57838
 57838[nll] #1074 tok 11393: 0.008611 argmax 11393
 11393[nll] #1075 tok 18: 0.005450 argmax 18
 18[nll] #1076 tok 15: 0.000014 argmax 15
 15[nll] #1077 tok 15: 0.000025 argmax 15
 15[nll] #1078 tok 13: 0.052219 argmax 13
 13[nll] #1079 tok 14235: 1.209415 argmax 14235
 14235[nll] #1080 tok 324: 1.721299 argmax 324
 324[nll] #1081 tok 12709: 0.691251 argmax 12709
 12709[nll] #1082 tok 2397: 0.153285 argmax 2397
 2397[nll] #1083 tok 40823: 0.097436 argmax 40823
 40823[nll] #1084 tok 24959: 0.302538 argmax 24959
 24959[nll] #1085 tok 440: 1.091752 argmax 440
 440[nll] #1086 tok 295: 0.641323 argmax 295
 295[nll] #1087 tok 28: 0.153350 argmax 28
 28[nll] #1088 tok 21: 0.000039 argmax 21
 21[nll] #1089 tok 15: 0.000002 argmax 15
 15[nll] #1090 tok 12: 0.000160 argmax 12
 12[nll] #1091 tok 18: 0.000002 argmax 18
 18[nll] #1092 tok 75: 0.000009 argmax 75
 75[nll] #1093 tok 2518: 0.567081 argmax 2518
 2518[nll] #1094 tok 15: 0.000086 argmax 15
 15[nll] #1095 tok 13: 0.240475 argmax 13
 13[nll] #1096 tok 8727: 0.829247 argmax 8727
 8727[nll] #1097 tok 9611: 0.216549 argmax 9611
 9611[nll] #1098 tok 25: 0.747613 argmax 25
 25[nll] #1099 tok 324: 0.062217 argmax 324
 324[nll] #1100 tok 28: 0.178974 argmax 28
 28[nll] #1101 tok 15: 0.003614 argmax 15
 15[nll] #1102 tok 486: 0.389250 argmax 486
 486[nll] #1103 tok 17: 0.000347 argmax 17
 17[nll] #1104 tok 15: 0.000004 argmax 15
 15[nll] #1105 tok 11: 0.179848 argmax 11
 11[nll] #1106 tok 274: 0.042153 argmax 274
 274[nll] #1107 tok 28: 0.000036 argmax 28
 28[nll] #1108 tok 17: 0.038900 argmax 17
 17[nll] #1109 tok 75: 0.000171 argmax 75
 75[nll] #1110 tok 11: 0.077039 argmax 11
 11[nll] #1111 tok 295: 0.000297 argmax 295
 295[nll] #1112 tok 28: 0.000050 argmax 28
 28[nll] #1113 tok 21: 0.000090 argmax 21
 21[nll] #1114 tok 15: 0.000087 argmax 15
 15[nll] #1115 tok 12: 0.000034 argmax 12
 12[nll] #1116 tok 18: 0.000270 argmax 18
 18[nll] #1117 tok 75: 0.000011 argmax 75
 75[nll] #1118 tok 13: 0.039688 argmax 13
 13[nll] #1119 tok 16030: 1.028018 argmax 16030
 16030[nll] #1120 tok 220: 0.096368 argmax 220
 220[nll] #1121 tok 18: 0.026188 argmax 18
 18[nll] #1122 tok 15: 0.000042 argmax 15
 15[nll] #1123 tok 15: 0.000007 argmax 15
 15[nll] #1124 tok 13: 0.133570 argmax 13
 13[nll] #1125 tok 14235: 1.141883 argmax 14235
 14235[nll] #1126 tok 7526: 1.237233 argmax 7526
 7526[nll] #1127 tok 2702: 0.051072 argmax 2702
 2702[nll] #1128 tok 4528: 0.001983 argmax 4528
 4528[nll] #1129 tok 220: 0.175459 argmax 220
 220[nll] #1130 tok 18: 0.000054 argmax 18
 18[nll] #1131 tok 15: 0.000002 argmax 15
 15[nll] #1132 tok 15: 0.000008 argmax 15
 15[nll] #1133 tok 13: 0.408037 argmax 13
 13[nll] #1134 tok 1921: 0.966068 argmax 1921
 1921[nll] #1135 tok 3655: 0.763217 argmax 3655
 3655[nll] #1136 tok 10538: 1.730622 argmax 10538
 10538[nll] #1137 tok 22651: 0.548519 argmax 22651
 22651[nll] #1138 tok 506: 0.000515 argmax 506
 506[nll] #1139 tok 1379: 0.000039 argmax 1379
 1379[nll] #1140 tok 220: 0.000845 argmax 220
 220[nll] #1141 tok 19: 0.087037 argmax 19
 19[nll] #1142 tok 15: 0.000023 argmax 15
 15[nll] #1143 tok 15: 0.000015 argmax 15
 15[nll] #1144 tok 20332: 0.237070 argmax 20332
 20332[nll] #1145 tok 11: 0.931120 argmax 11
 11[nll] #1146 tok 506: 0.570685 argmax 506
 506[nll] #1147 tok 1379: 0.000178 argmax 1379
 1379[nll] #1148 tok 220: 0.001157 argmax 220
 220[nll] #1149 tok 21: 0.000018 argmax 21
 21[nll] #1150 tok 15: 0.000018 argmax 15
 15[nll] #1151 tok 14273: 0.000859 argmax 14273
 14273[nll] #1152 tok 13: 0.241981 argmax 13
 13[nll] #1153 tok 1368: 1.791709 argmax 1368
 1368[nll] #1154 tok 660: 1.973935 argmax 660
 660[nll] #1155 tok 10728: 0.819098 argmax 10728
 10728[nll] #1156 tok 220: 0.844309 argmax 220
 220[nll] #1157 tok 21: 0.146929 argmax 21
 21[nll] #1158 tok 15: 0.000100 argmax 15
 15[nll] #1159 tok 14273: 0.252985 argmax 14273
 14273[nll] #1160 tok 4528: 0.260057 argmax 4528
 4528[nll] #1161 tok 220: 0.013488 argmax 220
 220[nll] #1162 tok 18: 0.000274 argmax 18
 18[nll] #1163 tok 15: 0.000021 argmax 15
 15[nll] #1164 tok 15: 0.000024 argmax 15
 15[nll] #1165 tok 11: 0.851374 argmax 11
 11[nll] #1166 tok 274: 0.970956 argmax 274
 274[nll] #1167 tok 28: 0.227368 argmax 28
 28[nll] #1168 tok 15: 0.025015 argmax 15
 15[nll] #1169 tok 21518: 0.237483 argmax 21518
 21518[nll] #1170 tok 28: 0.000024 argmax 28
 28[nll] #1171 tok 15: 0.000138 argmax 15
 15[nll] #1172 tok 65611: 0.265526 argmax 65611
 65611[nll] #1173 tok 274: 0.371256 argmax 274
 274[nll] #1174 tok 9628: 0.016325 argmax 9628
 9628[nll] #1175 tok 17: 0.019245 argmax 17
 17[nll] #1176 tok 75: 0.001181 argmax 75
 75[nll] #1177 tok 318: 0.805774 argmax 318
 318[nll] #1178 tok 15: 0.005892 argmax 15
 15[nll] #1179 tok 9628: 0.028595 argmax 9628
 9628[nll] #1180 tok 15: 0.000055 argmax 15
 15[nll] #1181 tok 553: 0.670634 argmax 553
 553[nll] #1182 tok 1987: 1.016491 argmax 1987
 1987[nll] #1183 tok 220: 0.164209 argmax 220
 220[nll] #1184 tok 18: 0.071746 argmax 18
 18[nll] #1185 tok 15: 0.000057 argmax 15
 15[nll] #1186 tok 15: 0.000043 argmax 15
 15[nll] #1187 tok 85116: 1.126644 argmax 85116
 85116[nll] #1188 tok 13: 0.213695 argmax 13
 13[nll] #1189 tok 1921: 1.094924 argmax 1921
 1921[nll] #1190 tok 6970: 1.045046 argmax 6970
 6970[nll] #1191 tok 628: 1.213153 argmax 628
 628[nll] #1192 tok 12131: 0.457745 argmax 12131
 12131[nll] #1193 tok 220: 0.003833 argmax 220
 220[nll] #1194 tok 18: 0.009437 argmax 18
 18[nll] #1195 tok 15: 0.000149 argmax 15
 15[nll] #1196 tok 15: 0.000048 argmax 15
 15[nll] #1197 tok 539: 0.964352 argmax 539
 539[nll] #1198 tok 1608: 0.240195 argmax 1608
 1608[nll] #1199 tok 16253: 1.026174 argmax 16253
 16253[nll] #1200 tok 14273: 0.614112 argmax 14273
 14273[nll] #1201 tok 694: 1.112112 argmax 694
 694[nll] #1202 tok 42371: 0.465489 argmax 42371
 42371[nll] #1203 tok 30: 0.262717 argmax 30
 30[nll] #1204 tok 1165: 1.639539 argmax 1165
 1165[nll] #1205 tok 18089: 0.305286 argmax 18089
 18089[nll] #1206 tok 457: 0.027194 argmax 457
 457[nll] #1207 tok 2564: 0.156080 argmax 2564
 2564[nll] #1208 tok 20: 0.149311 argmax 20
 20[nll] #1209 tok 77: 0.903630 argmax 77
 77[nll] #1210 tok 2564: 0.495239 argmax 2564
 2564[nll] #1211 tok 18: 0.124945 argmax 18
 18[nll] #1212 tok 15: 0.000057 argmax 15
 15[nll] #1213 tok 15: 0.000006 argmax 15
 15[nll] #1214 tok 13: 1.089482 argmax 13
 13[nll] #1215 tok 7179: 1.312932 argmax 7179
 7179[nll] #1216 tok 13: 0.502516 argmax 13
 13[nll] #1217 tok 271: 0.932145 argmax 271
 271[nll] #1218 tok 22916: 0.502627 argmax 22916
 22916[nll] #1219 tok 1420: 1.045602 argmax 1420
 1420[nll] #1220 tok 31626: 0.002645 argmax 31626
 31626[nll] #1221 tok 13: 0.329586 argmax 13
 13[nll] #1222 tok 16018: 1.462991 argmax 16018
 16018[nll] #1223 tok 2945: 1.236702 argmax 2945
 2945[nll] #1224 tok 30184: 0.491922 argmax 30184
 30184[nll] #1225 tok 25: 0.298122 argmax 25
 25[nll] #1226 tok 457: 1.466061 argmax 457
 457[nll] #1227 tok 283: 0.511997 argmax 283
 283[nll] #1228 tok 220: 0.171159 argmax 220
 220[nll] #1229 tok 17: 0.287683 argmax 17
 17[nll] #1230 tok 82: 0.014561 argmax 82
 82[nll] #1231 tok 10: 0.011293 argmax 10
 10[nll] #1232 tok 20: 0.000052 argmax 20
 20[nll] #1233 tok 76: 0.000089 argmax 76
 76[nll] #1234 tok 10: 0.000009 argmax 10
 10[nll] #1235 tok 16: 0.000030 argmax 16
 16[nll] #1236 tok 16: 0.000007 argmax 16
 16[nll] #1237 tok 75: 0.000027 argmax 75
 75[nll] #1238 tok 2564: 0.915960 argmax 2564
 2564[nll] #1239 tok 220: 0.428171 argmax 220
 220[nll] #1240 tok 20: 0.113245 argmax 20
 20[nll] #1241 tok 1104: 0.160547 argmax 1104
 1104[nll] #1242 tok 57838: 0.001188 argmax 57838
 57838[nll] #1243 tok 73314: 0.000570 argmax 73314
 73314[nll] #1244 tok 8: 0.022126 argmax 8
 8[nll] #1245 tok 1521: 0.200247 argmax 1521
 1521[nll] #1246 tok 274: 0.322539 argmax 274
 274[nll] #1247 tok 9628: 0.165175 argmax 9628
 9628[nll] #1248 tok 17: 0.000017 argmax 17
 17[nll] #1249 tok 75: 0.000201 argmax 75
 75[nll] #1250 tok 13: 0.775161 argmax 13
 13[nll] #1251 tok 8439: 0.663653 argmax 8439
 8439[nll] #1252 tok 274: 1.286141 argmax 274
 274[nll] #1253 tok 57838: 0.003569 argmax 57838
 57838[nll] #1254 tok 73314: 0.000068 argmax 73314
 73314[nll] #1255 tok 2564: 0.506922 argmax 2564
 2564[nll] #1256 tok 21: 0.010690 argmax 21
 21[nll] #1257 tok 15: 0.000001 argmax 15
 15[nll] #1258 tok 11: 0.034372 argmax 11
 11[nll] #1259 tok 457: 0.003222 argmax 457
 457[nll] #1260 tok 2564: 0.372878 argmax 2564
 2564[nll] #1261 tok 18: 0.099956 argmax 18
 18[nll] #1262 tok 15: 0.000029 argmax 15
 15[nll] #1263 tok 15: 0.000003 argmax 15
 15[nll] #1264 tok 13: 0.001159 argmax 13
 13[nll] #1265 tok 39767: 0.340895 argmax 39767
 39767[nll] #1266 tok 23017: 0.443036 argmax 23017
 23017[nll] #1267 tok 378: 1.033280 argmax 378
 378[nll] #1268 tok 1257: 0.000015 argmax 1257
 1257[nll] #1269 tok 13: 0.186136 argmax 13
 13[nll] #1270 tok 220: 0.055929 argmax 220
 220[nll] #1271 tok 21: 0.160127 argmax 21
 21[nll] #1272 tok 15: 0.000073 argmax 15
 15[nll] #1273 tok 10728: 0.002201 argmax 10728
 10728[nll] #1274 tok 14273: 0.183124 argmax 14273
 14273[nll] #1275 tok 318: 0.770999 argmax 318
 318[nll] #1276 tok 82: 0.528896 argmax 82
 82[nll] #1277 tok 28: 0.030175 argmax 28
 28[nll] #1278 tok 15: 0.006169 argmax 15
 15[nll] #1279 tok 12709: 0.481080 argmax 12709
 12709[nll] #1280 tok 28: 0.000043 argmax 28
 28[nll] #1281 tok 21: 0.001734 argmax 21
 21[nll] #1282 tok 15: 0.000059 argmax 15
 15[nll] #1283 tok 21518: 0.000021 argmax 21518
 21518[nll] #1284 tok 28: 0.000002 argmax 28
 28[nll] #1285 tok 15: 0.000044 argmax 15
 15[nll] #1286 tok 8: 0.423721 argmax 8
 8[nll] #1287 tok 466: 0.734357 argmax 466
 466[nll] #1288 tok 220: 0.672607 argmax 220
 220[nll] #1289 tok 17: 0.254247 argmax 17
 17[nll] #1290 tok 15: 0.005040 argmax 15
 15[nll] #1291 tok 3349: 0.208713 argmax 3349
 3349[nll] #1292 tok 11: 0.061944 argmax 11
 11[nll] #1293 tok 220: 0.362797 argmax 220
 220[nll] #1294 tok 19: 0.006846 argmax 19
 19[nll] #1295 tok 15: 0.000107 argmax 15
 15[nll] #1296 tok 2526: 0.000164 argmax 2526
 2526[nll] #1297 tok 11: 0.121168 argmax 11
 11[nll] #1298 tok 220: 0.023421 argmax 220
 220[nll] #1299 tok 15: 0.004520 argmax 15
 15[nll] #1300 tok 10728: 0.003775 argmax 10728
 10728[nll] #1301 tok 30: 0.828519 argmax 30
 30[nll] #1302 tok 4109: 0.344296 argmax 4109
 4109[nll] #1303 tok 274: 0.553538 argmax 274
 274[nll] #1304 tok 28: 0.095080 argmax 28
 28[nll] #1305 tok 19: 0.014718 argmax 19
 19[nll] #1306 tok 15: 0.000042 argmax 15
 15[nll] #1307 tok 21518: 0.202602 argmax 21518
 21518[nll] #1308 tok 28: 0.000007 argmax 28
 28[nll] #1309 tok 17: 0.000813 argmax 17
 17[nll] #1310 tok 15: 0.000015 argmax 15
 15[nll] #1311 tok 12709: 0.752604 argmax 12709
 12709[nll] #1312 tok 28: 0.000196 argmax 28
 28[nll] #1313 tok 15: 0.000781 argmax 15
 15[nll] #1314 tok 25: 0.697431 argmax 25
 25[nll] #1315 tok 14273: 0.465786 argmax 14273
 14273[nll] #1316 tok 220: 0.342117 argmax 220
 220[nll] #1317 tok 21: 0.000005 argmax 21
 21[nll] #1318 tok 15: 0.000007 argmax 15
 15[nll] #1319 tok 11: 0.114299 argmax 11
 11[nll] #1320 tok 4528: 0.021237 argmax 4528
 4528[nll] #1321 tok 220: 0.054710 argmax 220
 220[nll] #1322 tok 23: 0.115713 argmax 23
 23[nll] #1323 tok 15: 0.000043 argmax 15
 15[nll] #1324 tok 10: 0.000545 argmax 10
 10[nll] #1325 tok 17: 0.002752 argmax 17
 17[nll] #1326 tok 17: 0.000304 argmax 17
 17[nll] #1327 tok 15: 0.000031 argmax 15
 15[nll] #1328 tok 28: 0.000224 argmax 28
 28[nll] #1329 tok 18: 0.000025 argmax 18
 18[nll] #1330 tok 15: 0.000010 argmax 15
 15[nll] #1331 tok 15: 0.000010 argmax 15
 15[nll] #1332 tok 11: 0.243418 argmax 11
 11[nll] #1333 tok 274: 0.562269 argmax 274
 274[nll] #1334 tok 28: 0.190962 argmax 28
 28[nll] #1335 tok 17: 0.478850 argmax 17
 17[nll] #1336 tok 75: 0.005861 argmax 75
 75[nll] #1337 tok 13: 0.185636 argmax 13
 13[nll] #1338 tok 7054: 1.156965 argmax 7054
 7054[nll] #1339 tok 220: 0.597354 argmax 220
 220[nll] #1340 tok 17: 1.172355 argmax 17
 17[nll] #1341 tok 15: 0.059729 argmax 15
 15[nll] #1342 tok 3349: 0.277483 argmax 3349
 3349[nll] #1343 tok 11: 0.662482 argmax 11
 11[nll] #1344 tok 220: 0.567146 argmax 220
 220[nll] #1345 tok 19: 0.066717 argmax 19
 19[nll] #1346 tok 15: 0.001094 argmax 15
 15[nll] #1347 tok 2526: 0.002992 argmax 2526
 2526[nll] #1348 tok 13: 0.847979 argmax 13
 13[nll] #1349 tok 1921: 1.572894 argmax 1921
 1921[nll] #1350 tok 413: 1.630084 argmax 413
 413[nll] #1351 tok 3349: 2.005808 argmax 3349
 3349[nll] #1352 tok 14273: 0.797304 argmax 14273
 14273[nll] #1353 tok 1325: 1.299954 argmax 1325
 1325[nll] #1354 tok 506: 0.428346 argmax 506
 506[nll] #1355 tok 3140: 0.000615 argmax 3140
 3140[nll] #1356 tok 10598: 0.002880 argmax 10598
 10598[nll] #1357 tok 2526: 0.601234 argmax 2526
 2526[nll] #1358 tok 11: 0.562352 argmax 11
 11[nll] #1359 tok 9542: 0.763759 argmax 9542
 9542[nll] #1360 tok 13: 0.338790 argmax 13
 13[nll] #1361 tok 15451: 2.340406 argmax 15451
 15451[nll] #1362 tok 14159: 0.014013 argmax 14159
 14159[nll] #1363 tok 30: 0.528713 argmax 30
 30[nll] #1364 tok 21397: 1.523009 argmax 21397
 21397[nll] #1365 tok 16561: 0.051876 argmax 16561
 16561[nll] #1366 tok 2873: 0.164658 argmax 2873
 2873[nll] #1367 tok 14159: 0.149988 argmax 14159
 14159[nll] #1368 tok 314: 0.011445 argmax 314
 314[nll] #1369 tok 1754: 0.000091 argmax 1754
 1754[nll] #1370 tok 3618: 0.000977 argmax 3618
 3618[nll] #1371 tok 13: 0.030210 argmax 13
 13[nll] #1372 tok 16018: 0.549413 argmax 16018
 16018[nll] #1373 tok 2873: 0.230064 argmax 2873
 2873[nll] #1374 tok 799: 0.338498 argmax 799
 799[nll] #1375 tok 22113: 0.871941 argmax 22113
 22113[nll] #1376 tok 716: 0.858015 argmax 716
 716[nll] #1377 tok 13: 0.277162 argmax 13
 13[nll] #1378 tok 10380: 0.893855 argmax 10380
 10380[nll] #1379 tok 781: 1.120762 argmax 781
 781[nll] #1380 tok 1660: 0.093183 argmax 1660
 1660[nll] #1381 tok 1608: 1.387391 argmax 1608
 1608[nll] #1382 tok 3349: 0.605267 argmax 3349
 3349[nll] #1383 tok 14273: 0.796915 argmax 30
 14273[nll] #1384 tok 30: 0.023462 argmax 30
 30[nll] #1385 tok 80445: 1.540784 argmax 80445
 80445[nll] #1386 tok 2702: 0.383910 argmax 2702
 2702[nll] #1387 tok 4528: 0.000202 argmax 4528
 4528[nll] #1388 tok 220: 0.885739 argmax 220
 220[nll] #1389 tok 18: 0.000434 argmax 18
 18[nll] #1390 tok 15: 0.000030 argmax 15
 15[nll] #1391 tok 15: 0.000004 argmax 15
 15[nll] #1392 tok 13: 0.947954 argmax 13
 13[nll] #1393 tok 82699: 0.599454 argmax 82699
 82699[nll] #1394 tok 25: 0.990269 argmax 25
 25[nll] #1395 tok 220: 0.548609 argmax 220
 220[nll] #1396 tok 19: 0.617312 argmax 19
 19[nll] #1397 tok 15: 0.000032 argmax 15
 15[nll] #1398 tok 2526: 0.000025 argmax 2526
 2526[nll] #1399 tok 11: 0.002707 argmax 11
 11[nll] #1400 tok 220: 0.005083 argmax 220
 220[nll] #1401 tok 15: 0.371850 argmax 15
 15[nll] #1402 tok 10728: 0.000525 argmax 10728
 10728[nll] #1403 tok 11: 0.002819 argmax 11
 11[nll] #1404 tok 220: 0.009399 argmax 220
 220[nll] #1405 tok 17: 0.000181 argmax 17
 17[nll] #1406 tok 15: 0.000006 argmax 15
 15[nll] #1407 tok 3349: 0.000102 argmax 3349
 3349[nll] #1408 tok 318: 1.527902 argmax 318
 318[nll] #1409 tok 269: 0.417428 argmax 269
 269[nll] #1410 tok 220: 0.049462 argmax 220
 220[nll] #1411 tok 15: 0.196513 argmax 15
 15[nll] #1412 tok 2526: 0.293410 argmax 2526
 2526[nll] #1413 tok 11: 0.054834 argmax 11
 11[nll] #1414 tok 21: 0.651909 argmax 21
 21[nll] #1415 tok 15: 0.000011 argmax 15
 15[nll] #1416 tok 10728: 0.003328 argmax 10728
 10728[nll] #1417 tok 11: 0.100835 argmax 11
 11[nll] #1418 tok 15: 0.001561 argmax 15
 15[nll] #1419 tok 3349: 0.000310 argmax 3349
 3349[nll] #1420 tok 553: 0.077053 argmax 553
 553[nll] #1421 tok 14235: 0.816435 argmax 14235
 14235[nll] #1422 tok 6970: 1.102387 argmax 6970
 6970[nll] #1423 tok 413: 1.431041 argmax 413
 413[nll] #1424 tok 328: 1.165027 argmax 328
 328[nll] #1425 tok 17149: 0.944934 argmax 17149
 17149[nll] #1426 tok 220: 0.000879 argmax 220
 220[nll] #1427 tok 18: 0.000002 argmax 18
 18[nll] #1428 tok 12461: 0.000013 argmax 12461
 12461[nll] #1429 tok 1: 0.139795 argmax 1
 1[nll] #1430 tok 6970: 0.542348 argmax 6970
 6970[nll] #1431 tok 1396: 0.830730 argmax 1396
 1396[nll] #1432 tok 42304: 0.036019 argmax 42304
 42304[nll] #1433 tok 1902: 0.292305 argmax 1902
 1902[nll] #1434 tok 6435: 0.003711 argmax 6435
 6435[nll] #1435 tok 506: 0.551137 argmax 506
 506[nll] #1436 tok 3140: 0.000328 argmax 3140
 3140[nll] #1437 tok 10598: 0.062714 argmax 10598
 10598[nll] #1438 tok 430: 0.053323 argmax 430
 430[nll] #1439 tok 1599: 0.000657 argmax 1599
 1599[nll] #1440 tok 2526: 0.000241 argmax 2526
 2526[nll] #1441 tok 430: 0.378966 argmax 430
 430[nll] #1442 tok 3349: 0.000052 argmax 3349
 3349[nll] #1443 tok 26: 0.659593 argmax 26
 26[nll] #1444 tok 1362: 1.313464 argmax 1362
 1362[nll] #1445 tok 2070: 0.934771 argmax 2070
 2070[nll] #1446 tok 6942: 0.226263 argmax 6942
 6942[nll] #1447 tok 3349: 0.309507 argmax 3349
 3349[nll] #1448 tok 13: 0.443570 argmax 13
 13[nll] #1449 tok 1368: 0.575047 argmax 1368
 1368[nll] #1450 tok 781: 0.410143 argmax 781
 781[nll] #1451 tok 1318: 0.661203 argmax 1318
 1318[nll] #1452 tok 660: 0.975730 argmax 660
 660[nll] #1453 tok 2250: 0.667709 argmax 2250
 2250[nll] #1454 tok 12461: 0.178209 argmax 12461
 12461[nll] #1455 tok 30: 0.019501 argmax 30
 30[nll] #1456 tok 2717: 0.596648 argmax 2717
 2717[nll] #1457 tok 10661: 0.735496 argmax 10661
 10661[nll] #1458 tok 13: 0.730770 argmax 13
 13[nll] #1459 tok 1368: 0.902282 argmax 1368
 1368[nll] #1460 tok 1902: 1.169965 argmax 1902
 1902[nll] #1461 tok 6435: 0.383691 argmax 6435
 6435[nll] #1462 tok 660: 0.906601 argmax 660
 660[nll] #1463 tok 2250: 0.958701 argmax 2250
 2250[nll] #1464 tok 30: 0.232849 argmax 30
 30[nll] #1465 tok 1049: 0.707907 argmax 1049
 1049[nll] #1466 tok 2640: 0.047442 argmax 2640
 2640[nll] #1467 tok 17199: 0.517166 argmax 17199
 17199[nll] #1468 tok 220: 0.000150 argmax 220
 220[nll] #1469 tok 18: 0.000016 argmax 18
 18[nll] #1470 tok 12461: 0.000031 argmax 12461
 12461[nll] #1471 tok 11: 0.618382 argmax 11
 11[nll] #1472 tok 1396: 0.566554 argmax 1396
 1396[nll] #1473 tok 42304: 0.000089 argmax 42304
 42304[nll] #1474 tok 1902: 0.216613 argmax 1902
 1902[nll] #1475 tok 6435: 0.022265 argmax 6435
 6435[nll] #1476 tok 506: 0.413010 argmax 506
 506[nll] #1477 tok 3140: 0.000649 argmax 3140
 3140[nll] #1478 tok 10598: 0.051051 argmax 10598
 10598[nll] #1479 tok 430: 0.129629 argmax 430
 430[nll] #1480 tok 1599: 0.002790 argmax 1599
 1599[nll] #1481 tok 2526: 0.000549 argmax 2526
 2526[nll] #1482 tok 14273: 0.282373 argmax 14273
 14273[nll] #1483 tok 430: 0.000070 argmax 430
 430[nll] #1484 tok 3349: 0.000024 argmax 3349
 3349[nll] #1485 tok 5981: 0.000687 argmax 5981
 5981[nll] #1486 tok 13: 0.019110 argmax 13
 13[nll] #1487 tok 16018: 0.837804 argmax 16018
 16018[nll] #1488 tok 381: 0.973595 argmax 381
 381[nll] #1489 tok 6942: 0.509102 argmax 6942
 6942[nll] #1490 tok 5252: 0.962821 argmax 5252
 5252[nll] #1491 tok 30: 0.835039 argmax 30
 30[nll] #1492 tok 31874: 0.330273 argmax 31874
 31874[nll] #1493 tok 14159: 0.727605 argmax 14159
 14159[nll] #1494 tok 2397: 0.185114 argmax 2397
 2397[nll] #1495 tok 40823: 0.000825 argmax 40823
 40823[nll] #1496 tok 13: 0.126694 argmax 13
 13[nll] #1497 tok 1368: 0.094429 argmax 1368
 1368[nll] #1498 tok 1325: 0.758137 argmax 1325
 1325[nll] #1499 tok 506: 0.342682 argmax 506
 506[nll] #1500 tok 3140: 0.000196 argmax 3140
 3140[nll] #1501 tok 799: 0.012742 argmax 799
 799[nll] #1502 tok 314: 0.351818 argmax 314
 314[nll] #1503 tok 1754: 0.003366 argmax 1754
 1754[nll] #1504 tok 30: 0.113262 argmax 30
 30[nll] #1505 tok 2717: 0.828817 argmax 2717
 2717[nll] #1506 tok 5024: 0.313924 argmax 5024
 5024[nll] #1507 tok 13: 0.012348 argmax 13
 13[nll] #1508 tok 1368: 0.811927 argmax 1368
 1368[nll] #1509 tok 1325: 0.479787 argmax 1325
 1325[nll] #1510 tok 660: 0.920336 argmax 660
 660[nll] #1511 tok 2250: 0.461021 argmax 2250
 2250[nll] #1512 tok 12461: 0.660439 argmax 12461
 12461[nll] #1513 tok 11: 1.295253 argmax 11
 11[nll] #1514 tok 1990: 1.558535 argmax 1990
 1990[nll] #1515 tok 220: 0.712851 argmax 220
 220[nll] #1516 tok 18: 0.018276 argmax 18
 18[nll] #1517 tok 15: 0.000096 argmax 15
 15[nll] #1518 tok 15: 0.000304 argmax 15
 15[nll] #1519 tok 85116: 0.345884 argmax 85116
 85116[nll] #1520 tok 440: 0.477476 argmax 440
 440[nll] #1521 tok 324: 0.566495 argmax 324
 324[nll] #1522 tok 28: 0.595059 argmax 28
 28[nll] #1523 tok 16: 0.008714 argmax 16
 16[nll] #1524 tok 486: 1.073516 argmax 486
 486[nll] #1525 tok 16: 0.040994 argmax 16
 16[nll] #1526 tok 24: 0.001191 argmax 24
 24[nll] #1527 tok 30: 0.707324 argmax 30
 30[nll] #1528 tok 378: 1.020951 argmax 378
 378[nll] #1529 tok 1257: 0.000037 argmax 1257
 1257[nll] #1530 tok 13: 0.114135 argmax 13
 13[nll] #1531 tok 274: 0.836507 argmax 274
 274[nll] #1532 tok 28: 0.000357 argmax 28
 28[nll] #1533 tok 17: 0.233763 argmax 17
 17[nll] #1534 tok 12709: 1.011651 argmax 11
 12709[nll] #1535 tok 28: 0.008194 argmax 28
 28[nll] #1536 tok 20: 0.019382 argmax 20
 20[nll] #1537 tok 22: 0.244853 argmax 22
 22[nll] #1538 tok 21518: 0.040209 argmax 21518
 21518[nll] #1539 tok 28: 0.000232 argmax 28
 28[nll] #1540 tok 16: 0.001494 argmax 16
 16[nll] #1541 tok 6486: 1.651068 argmax 25
 6486[nll] #1542 tok 220: 0.690306 argmax 220
 220[nll] #1543 tok 21: 0.179251 argmax 21
 21[nll] #1544 tok 15: 0.002338 argmax 15
 15[nll] #1545 tok 14273: 0.022839 argmax 14273
 14273[nll] #1546 tok 4528: 0.319903 argmax 4528
 4528[nll] #1547 tok 220: 0.028762 argmax 220
 220[nll] #1548 tok 19: 0.130184 argmax 19
 19[nll] #1549 tok 10: 0.001476 argmax 10
 10[nll] #1550 tok 17: 0.087518 argmax 17
 17[nll] #1551 tok 23: 0.001646 argmax 23
 23[nll] #1552 tok 20: 0.000380 argmax 20
 20[nll] #1553 tok 10: 0.000191 argmax 10
 10[nll] #1554 tok 16: 0.000366 argmax 16
 16[nll] #1555 tok 16: 0.000132 argmax 16
 16[nll] #1556 tok 28: 0.000287 argmax 28
 28[nll] #1557 tok 18: 0.000148 argmax 18
 18[nll] #1558 tok 15: 0.000058 argmax 15
 15[nll] #1559 tok 15: 0.000296 argmax 15
 15[nll] #1560 tok 13: 0.335740 argmax 13
 13[nll] #1561 tok 2441: 0.947623 argmax 2441
 2441[nll] #1562 tok 274: 0.126892 argmax 274
 274[nll] #1563 tok 28: 0.000074 argmax 28
 28[nll] #1564 tok 19: 0.789029 argmax 19
 19[nll] #1565 tok 15: 0.083340 argmax 15
 15[nll] #1566 tok 12709: 0.237953 argmax 12709
 12709[nll] #1567 tok 28: 0.027761 argmax 28
 28[nll] #1568 tok 15: 0.093831 argmax 15
 15[nll] #1569 tok 21518: 0.113856 argmax 21518
 21518[nll] #1570 tok 28: 0.000052 argmax 28
 28[nll] #1571 tok 17: 0.000305 argmax 17
 17[nll] #1572 tok 15: 0.000231 argmax 15
 15[nll] #1573 tok 413: 1.338229 argmax 413
 413[nll] #1574 tok 10728: 0.582550 argmax 10728
 10728[nll] #1575 tok 6942: 0.545607 argmax 6942
 6942[nll] #1576 tok 13: 0.876279 argmax 13
 13[nll] #1577 tok 1368: 0.510322 argmax 1368
 1368[nll] #1578 tok 660: 0.487075 argmax 660
 660[nll] #1579 tok 2250: 0.186066 argmax 2250
 2250[nll] #1580 tok 6572: 0.447151 argmax 6572
 6572[nll] #1581 tok 11: 0.640593 argmax 11
 11[nll] #1582 tok 4992: 0.372417 argmax 4992
 4992[nll] #1583 tok 274: 0.697381 argmax 274
 274[nll] #1584 tok 28: 0.000033 argmax 28
 28[nll] #1585 tok 17: 0.221984 argmax 17
 17[nll] #1586 tok 12709: 0.722120 argmax 12709
 12709[nll] #1587 tok 28: 0.000025 argmax 28
 28[nll] #1588 tok 20: 0.004037 argmax 20
 20[nll] #1589 tok 22: 0.006920 argmax 22
 22[nll] #1590 tok 21518: 0.000105 argmax 21518
 21518[nll] #1591 tok 28: 0.000005 argmax 28
 28[nll] #1592 tok 16: 0.000049 argmax 16
 16[nll] #1593 tok 13: 0.460314 argmax 13
 13[nll] #1594 tok 1921: 0.550139 argmax 1921
 1921[nll] #1595 tok 6970: 1.466296 argmax 6970
 6970[nll] #1596 tok 781: 1.269935 argmax 781
 781[nll] #1597 tok 1318: 0.972494 argmax 1318
 1318[nll] #1598 tok 14159: 0.404538 argmax 14159
 14159[nll] #1599 tok 314: 1.071187 argmax 314
 314[nll] #1600 tok 1754: 0.012021 argmax 1754
 1754[nll] #1601 tok 3618: 0.251083 argmax 3618
 3618[nll] #1602 tok 26: 1.751707 argmax 26
 26[nll] #1603 tok 1362: 1.866213 argmax 1362
 1362[nll] #1604 tok 3300: 1.202788 argmax 3300
 3300[nll] #1605 tok 2902: 0.399751 argmax 2902
 2902[nll] #1606 tok 321: 0.578698 argmax 321
 321[nll] #1607 tok 799: 0.757441 argmax 799
 799[nll] #1608 tok 3010: 0.117042 argmax 3010
 3010[nll] #1609 tok 13: 0.047334 argmax 13
 13[nll] #1610 tok 14235: 0.261591 argmax 14235
 14235[nll] #1611 tok 381: 0.719615 argmax 381
 381[nll] #1612 tok 16097: 0.339874 argmax 16097
 16097[nll] #1613 tok 25: 0.158433 argmax 25
 25[nll] #1614 tok 1368: 1.307841 argmax 1368
 1368[nll] #1615 tok 328: 1.520805 argmax 328
 328[nll] #1616 tok 17149: 0.888065 argmax 17149
 17149[nll] #1617 tok 220: 0.000069 argmax 220
 220[nll] #1618 tok 18: 0.000013 argmax 18
 18[nll] #1619 tok 12461: 0.000030 argmax 12461
 12461[nll] #1620 tok 314: 0.709510 argmax 1
 314[nll] #1621 tok 14273: 0.000016 argmax 14273
 14273[nll] #1622 tok 1: 0.011742 argmax 1
 1[nll] #1623 tok 3070: 0.949339 argmax 3070
 3070[nll] #1624 tok 914: 0.000022 argmax 914
 914[nll] #1625 tok 2977: 0.521720 argmax 2977
 2977[nll] #1626 tok 1754: 0.960442 argmax 1754
 1754[nll] #1627 tok 42304: 0.117610 argmax 42304
 42304[nll] #1628 tok 1902: 0.934180 argmax 1902
 1902[nll] #1629 tok 2830: 0.469459 argmax 2830
 2830[nll] #1630 tok 660: 0.183035 argmax 660
 660[nll] #1631 tok 12461: 0.900579 argmax 12461
 12461[nll] #1632 tok 13: 0.007463 argmax 13
 13[nll] #1633 tok 1921: 0.945124 argmax 1921
 1921[nll] #1634 tok 310: 0.400599 argmax 310
 310[nll] #1635 tok 381: 0.649832 argmax 381
 381[nll] #1636 tok 5902: 0.002864 argmax 5902
 5902[nll] #1637 tok 11: 0.159781 argmax 11
 11[nll] #1638 tok 2873: 0.589625 argmax 2873
 2873[nll] #1639 tok 449: 0.950666 argmax 449
 449[nll] #1640 tok 22113: 0.101910 argmax 22113
 22113[nll] #1641 tok 6093: 0.959229 argmax 6093
 6093[nll] #1642 tok 440: 0.658466 argmax 440
 440[nll] #1643 tok 660: 0.395471 argmax 660
 660[nll] #1644 tok 2250: 0.180421 argmax 2250
 2250[nll] #1645 tok 6572: 0.372880 argmax 6572
 6572[nll] #1646 tok 30: 1.079653 argmax 30
 30[nll] #1647 tok 80445: 1.839923 argmax 80445
 80445[nll] #1648 tok 2702: 0.577187 argmax 2702
 2702[nll] #1649 tok 4528: 0.009189 argmax 4528
 4528[nll] #1650 tok 220: 0.328010 argmax 220
 220[nll] #1651 tok 18: 0.000113 argmax 18
 18[nll] #1652 tok 15: 0.000018 argmax 15
 15[nll] #1653 tok 15: 0.000017 argmax 15
 15[nll] #1654 tok 26: 1.165884 argmax 26
 26[nll] #1655 tok 14159: 0.337225 argmax 14159
 14159[nll] #1656 tok 378: 0.860693 argmax 378
 378[nll] #1657 tok 1257: 0.000014 argmax 1257
 1257[nll] #1658 tok 13: 0.046023 argmax 13
 13[nll] #1659 tok 220: 0.192986 argmax 220
 220[nll] #1660 tok 17: 0.471165 argmax 17
 17[nll] #1661 tok 2526: 0.003174 argmax 2526
 2526[nll] #1662 tok 11: 0.000188 argmax 11
 11[nll] #1663 tok 220: 0.022313 argmax 220
 220[nll] #1664 tok 20: 0.026135 argmax 20
 20[nll] #1665 tok 22: 0.000420 argmax 22
 22[nll] #1666 tok 10728: 0.000015 argmax 10728
 10728[nll] #1667 tok 11: 0.000005 argmax 11
 11[nll] #1668 tok 220: 0.000183 argmax 220
 220[nll] #1669 tok 16: 0.000142 argmax 16
 16[nll] #1670 tok 3349: 0.000288 argmax 3349
 3349[nll] #1671 tok 13: 1.352320 argmax 13
 13[nll] #1672 tok 4109: 0.476396 argmax 4109
 4109[nll] #1673 tok 274: 1.255150 argmax 274
 274[nll] #1674 tok 9628: 0.571139 argmax 9628
 9628[nll] #1675 tok 17: 0.000033 argmax 17
 17[nll] #1676 tok 75: 0.003774 argmax 75
 75[nll] #1677 tok 25: 0.263232 argmax 25
 25[nll] #1678 tok 220: 0.051110 argmax 220
 220[nll] #1679 tok 17: 0.000018 argmax 17
 17[nll] #1680 tok 9628: 0.136039 argmax 9628
 9628[nll] #1681 tok 17: 0.000054 argmax 17
 17[nll] #1682 tok 9542: 0.452642 argmax 9542
 9542[nll] #1683 tok 13: 0.311480 argmax 13
 13[nll] #1684 tok 14273: 0.925226 argmax 14273
 14273[nll] #1685 tok 220: 0.532644 argmax 220
 220[nll] #1686 tok 21: 0.001567 argmax 21
 21[nll] #1687 tok 15: 0.000033 argmax 15
 15[nll] #1688 tok 11: 0.603571 argmax 11
 11[nll] #1689 tok 4528: 0.001282 argmax 4528
 4528[nll] #1690 tok 220: 0.014826 argmax 220
 220[nll] #1691 tok 19: 0.057820 argmax 19
 19[nll] #1692 tok 10: 0.002913 argmax 10
 10[nll] #1693 tok 17: 0.000047 argmax 17
 17[nll] #1694 tok 23: 0.000077 argmax 23
 23[nll] #1695 tok 20: 0.000010 argmax 20
 20[nll] #1696 tok 10: 0.000029 argmax 10
 10[nll] #1697 tok 16: 0.000110 argmax 16
 16[nll] #1698 tok 16: 0.000027 argmax 16
 16[nll] #1699 tok 28: 0.000224 argmax 28
 28[nll] #1700 tok 18: 0.000113 argmax 18
 18[nll] #1701 tok 15: 0.000049 argmax 15
 15[nll] #1702 tok 15: 0.000042 argmax 15
 15[nll] #1703 tok 13: 0.069982 argmax 13
 13[nll] #1704 tok 2441: 1.459247 argmax 2441
 2441[nll] #1705 tok 220: 0.037242 argmax 220
 220[nll] #1706 tok 19: 0.024035 argmax 19
 19[nll] #1707 tok 15: 0.076786 argmax 15
 15[nll] #1708 tok 2526: 0.007002 argmax 2526
 2526[nll] #1709 tok 11: 0.064154 argmax 11
 11[nll] #1710 tok 220: 0.307449 argmax 220
 220[nll] #1711 tok 17: 0.579809 argmax 17
 17[nll] #1712 tok 15: 0.000724 argmax 15
 15[nll] #1713 tok 3349: 0.001840 argmax 3349
 3349[nll] #1714 tok 11: 0.304000 argmax 11
 11[nll] #1715 tok 220: 0.040522 argmax 220
 220[nll] #1716 tok 15: 0.001881 argmax 15
 15[nll] #1717 tok 10728: 0.000961 argmax 10728
 10728[nll] #1718 tok 13: 0.270735 argmax 13
 13[nll] #1719 tok 1368: 0.318099 argmax 1368
 1368[nll] #1720 tok 781: 0.245303 argmax 781
 781[nll] #1721 tok 1660: 0.492295 argmax 1660
 1660[nll] #1722 tok 958: 1.233225 argmax 958
 958[nll] #1723 tok 3349: 0.475716 argmax 3349
 3349[nll] #1724 tok 30: 0.860787 argmax 30
 30[nll] #1725 tok 10380: 1.264527 argmax 10380
 10380[nll] #1726 tok 1420: 2.402705 argmax 1420
 1420[nll] #1727 tok 4437: 1.346062 argmax 4437
 4437[nll] #1728 tok 2902: 0.932217 argmax 2902
 2902[nll] #1729 tok 25: 0.379791 argmax 25
 25[nll] #1730 tok 318: 1.292603 argmax 318
 318[nll] #1731 tok 82: 0.097851 argmax 82
 82[nll] #1732 tok 12709: 0.086478 argmax 12709
 12709[nll] #1733 tok 21518: 0.000045 argmax 21518
 21518[nll] #1734 tok 70684: 0.113655 argmax 70684
 70684[nll] #1735 tok 17: 0.031769 argmax 17
 17[nll] #1736 tok 74: 0.507296 argmax 74
 74[nll] #1737 tok 11: 0.006080 argmax 11
 11[nll] #1738 tok 21: 0.119185 argmax 21
 21[nll] #1739 tok 15: 0.000013 argmax 15
 15[nll] #1740 tok 12: 0.000048 argmax 12
 12[nll] #1741 tok 18: 0.000035 argmax 18
 18[nll] #1742 tok 74: 0.000039 argmax 74
 74[nll] #1743 tok 15672: 0.000350 argmax 15672
 15672[nll] #1744 tok 8: 0.274214 argmax 8
 8[nll] #1745 tok 364: 0.005554 argmax 364
 364[nll] #1746 tok 580: 0.054497 argmax 580
 580[nll] #1747 tok 28: 0.000366 argmax 28
 28[nll] #1748 tok 15: 0.030088 argmax 15
 15[nll] #1749 tok 27736: 0.237532 argmax 27736
 27736[nll] #1750 tok 11: 0.003118 argmax 11
 11[nll] #1751 tok 17: 0.000410 argmax 17
 17[nll] #1752 tok 15: 0.000029 argmax 15
 15[nll] #1753 tok 660: 1.045426 argmax 660
 660[nll] #1754 tok 10752: 1.120829 argmax 10752
 10752[nll] #1755 tok 220: 0.002869 argmax 220
 220[nll] #1756 tok 18: 0.000105 argmax 18
 18[nll] #1757 tok 15: 0.000009 argmax 15
 15[nll] #1758 tok 15: 0.000009 argmax 15
 15[nll] #1759 tok 13: 0.215798 argmax 13
 13[nll] #1760 tok 1368: 0.253753 argmax 1368
 1368[nll] #1761 tok 660: 1.007725 argmax 660
 660[nll] #1762 tok 2250: 0.193931 argmax 2250
 2250[nll] #1763 tok 12461: 0.752216 argmax 12461
 12461[nll] #1764 tok 2483: 0.221622 argmax 2483
 2483[nll] #1765 tok 11: 0.095076 argmax 11
 11[nll] #1766 tok 580: 0.790963 argmax 580
 580[nll] #1767 tok 28: 0.021415 argmax 28
 28[nll] #1768 tok 16: 0.000169 argmax 16
 16[nll] #1769 tok 27736: 0.267624 argmax 27736
 27736[nll] #1770 tok 11: 0.003392 argmax 11
 11[nll] #1771 tok 16: 0.001726 argmax 16
 16[nll] #1772 tok 24: 0.000642 argmax 24
 24[nll] #1773 tok 13: 0.885894 argmax 13
 13[nll] #1774 tok 1921: 1.707246 argmax 1921
 1921[nll] #1775 tok 413: 0.886677 argmax 413
 413[nll] #1776 tok 580: 1.008799 argmax 580
 580[nll] #1777 tok 28: 0.000657 argmax 28
 28[nll] #1778 tok 17: 0.309952 argmax 17
 17[nll] #1779 tok 15: 0.000506 argmax 15
 15[nll] #1780 tok 295: 1.052768 argmax 295
 295[nll] #1781 tok 28: 0.000734 argmax 28
 28[nll] #1782 tok 15: 0.000100 argmax 15
 15[nll] #1783 tok 13: 0.693686 argmax 13
 13[nll] #1784 tok 1368: 1.110396 argmax 1368
 1368[nll] #1785 tok 580: 0.953394 argmax 580
 580[nll] #1786 tok 28: 0.002770 argmax 28
 28[nll] #1787 tok 15: 0.196615 argmax 15
 15[nll] #1788 tok 324: 0.382659 argmax 324
 324[nll] #1789 tok 28: 0.051578 argmax 28
 28[nll] #1790 tok 15: 0.000642 argmax 15
 15[nll] #1791 tok 13: 0.130125 argmax 13
 13[nll] #1792 tok 14235: 1.716572 argmax 14235
 14235[nll] #1793 tok 6970: 1.258115 argmax 6970
 6970[nll] #1794 tok 4992: 1.510023 argmax 4992
 4992[nll] #1795 tok 580: 1.495790 argmax 580
 580[nll] #1796 tok 28: 0.042263 argmax 28
 28[nll] #1797 tok 16: 0.683029 argmax 16
 16[nll] #1798 tok 310: 0.645058 argmax 310
 310[nll] #1799 tok 2830: 0.157467 argmax 2830
 2830[nll] #1800 tok 660: 0.024841 argmax 660
 660[nll] #1801 tok 2250: 0.541071 argmax 2250
 2250[nll] #1802 tok 13: 0.355390 argmax 13
 13[nll] #1803 tok 1921: 0.780575 argmax 1921
 1921[nll] #1804 tok 413: 1.132551 argmax 413
 413[nll] #1805 tok 781: 1.712954 argmax 781
 781[nll] #1806 tok 2466: 0.254999 argmax 2466
 2466[nll] #1807 tok 14159: 0.517967 argmax 14159
 14159[nll] #1808 tok 314: 0.121405 argmax 314
 314[nll] #1809 tok 1754: 0.000070 argmax 1754
 1754[nll] #1810 tok 3618: 0.024924 argmax 3618
 3618[nll] #1811 tok 11: 0.859689 argmax 11
 11[nll] #1812 tok 6970: 0.967622 argmax 6970
 6970[nll] #1813 tok 799: 1.401502 argmax 799
 799[nll] #1814 tok 716: 0.768250 argmax 716
 716[nll] #1815 tok 13: 0.514972 argmax 13
 13[nll] #1816 tok 16018: 1.071359 argmax 16018
 16018[nll] #1817 tok 6088: 1.381489 argmax 6088
 6088[nll] #1818 tok 1599: 1.024991 argmax 1599
 1599[nll] #1819 tok 22113: 0.183703 argmax 22113
 22113[nll] #1820 tok 9611: 1.309795 argmax 9611
 9611[nll] #1821 tok 26: 0.463140 argmax 26
 26[nll] #1822 tok 799: 1.180090 argmax 799
 799[nll] #1823 tok 369: 0.557225 argmax 369
 369[nll] #1824 tok 220: 0.045717 argmax 220
 220[nll] #1825 tok 17: 0.492699 argmax 17
 17[nll] #1826 tok 2526: 0.004105 argmax 2526
 2526[nll] #1827 tok 11: 0.000293 argmax 11
 11[nll] #1828 tok 220: 0.052822 argmax 220
 220[nll] #1829 tok 20: 0.009611 argmax 20
 20[nll] #1830 tok 22: 0.000123 argmax 22
 22[nll] #1831 tok 10728: 0.000026 argmax 10728
 10728[nll] #1832 tok 11: 0.000003 argmax 11
 11[nll] #1833 tok 220: 0.000565 argmax 220
 220[nll] #1834 tok 16: 0.000025 argmax 16
 16[nll] #1835 tok 3349: 0.000041 argmax 3349
 3349[nll] #1836 tok 13: 0.654649 argmax 13
 13[nll] #1837 tok 1921: 0.830605 argmax 1921
 1921[nll] #1838 tok 369: 1.362819 argmax 369
 369[nll] #1839 tok 220: 0.532856 argmax 220
 220[nll] #1840 tok 20: 0.220799 argmax 20
 20[nll] #1841 tok 22: 0.000439 argmax 22
 22[nll] #1842 tok 10728: 0.003037 argmax 10728
 10728[nll] #1843 tok 5252: 1.227496 argmax 5252
 5252[nll] #1844 tok 30: 0.181107 argmax 30
 30[nll] #1845 tok 506: 1.267409 argmax 506
 506[nll] #1846 tok 1379: 0.000662 argmax 1379
 1379[nll] #1847 tok 220: 0.006573 argmax 220
 220[nll] #1848 tok 21: 0.011348 argmax 21
 21[nll] #1849 tok 15: 0.000141 argmax 15
 15[nll] #1850 tok 14273: 0.222024 argmax 14273
 14273[nll] #1851 tok 9542: 0.350270 argmax 9542
 9542[nll] #1852 tok 13: 0.149519 argmax 13
 13[nll] #1853 tok 16030: 0.420705 argmax 16030
 16030[nll] #1854 tok 220: 0.133800 argmax 220
 220[nll] #1855 tok 18: 0.099161 argmax 18
 18[nll] #1856 tok 15: 0.000541 argmax 15
 15[nll] #1857 tok 15: 0.000390 argmax 15
 15[nll] #1858 tok 13: 0.282399 argmax 13
 13[nll] #1859 tok 1921: 2.250118 argmax 1921
 1921[nll] #1860 tok 413: 1.475423 argmax 413
 413[nll] #1861 tok 781: 1.451577 argmax 781
 781[nll] #1862 tok 1318: 0.812413 argmax 1318
 1318[nll] #1863 tok 33363: 0.533951 argmax 33363
 33363[nll] #1864 tok 4528: 0.541057 argmax 4528
 4528[nll] #1865 tok 6970: 1.423609 argmax 11
 6970[nll] #1866 tok 1608: 1.615602 argmax 1608
 1608[nll] #1867 tok 3349: 0.825574 argmax 3349
 3349[nll] #1868 tok 14273: 0.308137 argmax 14273
 14273[nll] #1869 tok 30: 0.844431 argmax 30
 30[nll] #1870 tok 561: 2.004184 argmax 561
 561[nll] #1871 tok 30184: 1.302647 argmax 30184
 30184[nll] #1872 tok 4774: 0.682858 argmax 4774
 4774[nll] #1873 tok 866: 0.995838 argmax 866
 866[nll] #1874 tok 10286: 1.597081 argmax 22113
 10286[nll] #1875 tok 440: 0.154883 argmax 440
 440[nll] #1876 tok 274: 0.300545 argmax 274
 274[nll] #1877 tok 28: 0.013131 argmax 28
 28[nll] #1878 tok 17: 0.000065 argmax 17
 17[nll] #1879 tok 75: 0.001463 argmax 75
 75[nll] #1880 tok 321: 0.031405 argmax 321
 321[nll] #1881 tok 220: 0.946874 argmax 220
 220[nll] #1882 tok 21: 0.000021 argmax 21
 21[nll] #1883 tok 15: 0.000106 argmax 15
 15[nll] #1884 tok 14273: 0.133726 argmax 14273
 14273[nll] #1885 tok 34237: 1.612806 argmax 34237
 34237[nll] #1886 tok 220: 0.014742 argmax 220
 220[nll] #1887 tok 18: 0.000244 argmax 18
 18[nll] #1888 tok 15: 0.000006 argmax 15
 15[nll] #1889 tok 15: 0.000013 argmax 15
 15[nll] #1890 tok 13: 0.222598 argmax 13
 13[nll] #1891 tok 1368: 1.537770 argmax 1368
 1368[nll] #1892 tok 781: 1.770069 argmax 781
 781[nll] #1893 tok 1318: 0.910914 argmax 1318
 1318[nll] #1894 tok 328: 1.204172 argmax 328
 328[nll] #1895 tok 26035: 0.592971 argmax 26035
 26035[nll] #1896 tok 467: 0.000755 argmax 467
 467[nll] #1897 tok 2702: 0.001465 argmax 2702
 2702[nll] #1898 tok 4528: 0.000057 argmax 4528
 4528[nll] #1899 tok 264: 0.548517 argmax 264
 264[nll] #1900 tok 3074: 0.001382 argmax 3074
 3074[nll] #1901 tok 10538: 0.000010 argmax 10538
 10538[nll] #1902 tok 628: 0.000801 argmax 628
 628[nll] #1903 tok 6564: 0.000055 argmax 6564
 6564[nll] #1904 tok 1: 0.030116 argmax 1
 1[nll] #1905 tok 6970: 0.893437 argmax 6970
 6970[nll] #1906 tok 220: 0.584103 argmax 220
 220[nll] #1907 tok 18: 0.051432 argmax 18
 18[nll] #1908 tok 15: 0.000180 argmax 15
 15[nll] #1909 tok 15: 0.000028 argmax 15
 15[nll] #1910 tok 13: 0.545270 argmax 13
 13[nll] #1911 tok 14235: 0.732110 argmax 14235
 14235[nll] #1912 tok 1420: 0.851606 argmax 1420
 1420[nll] #1913 tok 31626: 0.436475 argmax 31626
 31626[nll] #1914 tok 13: 0.579124 argmax 13
 13[nll] #1915 tok 271: 0.505687 argmax 271
 271[nll] #1916 tok 7144: 0.459165 argmax 7144
 7144[nll] #1917 tok 15464: 0.005076 argmax 15464
 15464[nll] #1918 tok 874: 0.737847 argmax 874
 874[nll] #1919 tok 12665: 0.947966 argmax 12665
 12665[nll] #1920 tok 835: 0.699433 argmax 835
 835[nll] #1921 tok 18: 0.005771 argmax 18
 18[nll] #1922 tok 15: 0.000063 argmax 15
 15[nll] #1923 tok 15: 0.000022 argmax 15
 15[nll] #1924 tok 440: 0.879577 argmax 440
 440[nll] #1925 tok 16253: 0.399839 argmax 16253
 16253[nll] #1926 tok 1056: 0.625435 argmax 1056
 1056[nll] #1927 tok 220: 0.001516 argmax 220
 220[nll] #1928 tok 21: 0.000154 argmax 21
 21[nll] #1929 tok 15: 0.000018 argmax 15
 15[nll] #1930 tok 14273: 0.079754 argmax 14273
 14273[nll] #1931 tok 694: 0.651175 argmax 694
 694[nll] #1932 tok 42371: 1.239458 argmax 42371
 42371[nll] #1933 tok 5289: 0.749881 argmax 5289
 5289[nll] #1934 tok 835: 0.461735 argmax 835
 835[nll] #1935 tok 20: 0.000189 argmax 20
 20[nll] #1936 tok 30: 0.177387 argmax 30
 30[nll] #1937 tok 42794: 0.258181 argmax 42794
 42794[nll] #1938 tok 274: 0.232008 argmax 274
 274[nll] #1939 tok 9628: 0.048567 argmax 9628
 9628[nll] #1940 tok 17: 0.000015 argmax 17
 17[nll] #1941 tok 75: 0.000139 argmax 75
 75[nll] #1942 tok 24546: 1.767477 argmax 24546
 24546[nll] #1943 tok 5289: 0.365077 argmax 5289
 5289[nll] #1944 tok 2564: 0.323998 argmax 2564
 2564[nll] #1945 tok 20: 0.002213 argmax 20
 20[nll] #1946 tok 364: 1.744475 argmax 364
 364[nll] #1947 tok 2526: 1.101925 argmax 2526
 2526[nll] #1948 tok 10: 0.155556 argmax 10
 10[nll] #1949 tok 16275: 0.009110 argmax 16275
 16275[nll] #1950 tok 10: 1.876503 argmax 11
 10[nll] #1951 tok 25252: 0.008329 argmax 25252
 25252[nll] #1952 tok 30: 0.356111 argmax 30
 30[nll] #1953 tok 6558: 0.620081 argmax 6558
 6558[nll] #1954 tok 579: 0.005255 argmax 579
 579[nll] #1955 tok 11774: 1.121411 argmax 11774
 11774[nll] #1956 tok 25: 0.152607 argmax 25
 25[nll] #1957 tok 457: 0.502120 argmax 457
 457[nll] #1958 tok 283: 0.714962 argmax 283
 283[nll] #1959 tok 220: 0.098426 argmax 220
 220[nll] #1960 tok 20: 0.445875 argmax 20
 20[nll] #1961 tok 45: 0.870245 argmax 45
 45[nll] #1962 tok 471: 0.029143 argmax 471
 471[nll] #1963 tok 220: 0.577308 argmax 220
 220[nll] #1964 tok 18: 0.001497 argmax 18
 18[nll] #1965 tok 1104: 0.018616 argmax 1104
 1104[nll] #1966 tok 12: 0.009606 argmax 12
 12[nll] #1967 tok 17: 0.000022 argmax 17
 17[nll] #1968 tok 75: 0.000732 argmax 75
 75[nll] #1969 tok 553: 0.445998 argmax 553
 553[nll] #1970 tok 8439: 0.348417 argmax 8439
 8439[nll] #1971 tok 274: 0.102108 argmax 274
 274[nll] #1972 tok 12: 0.596580 argmax 12
 12[nll] #1973 tok 17: 0.000014 argmax 17
 17[nll] #1974 tok 75: 0.000042 argmax 75
 75[nll] #1975 tok 9628: 0.549976 argmax 9628
 9628[nll] #1976 tok 15: 0.000010 argmax 15
 15[nll] #1977 tok 11: 0.217885 argmax 11
 11[nll] #1978 tok 457: 0.007331 argmax 457
 457[nll] #1979 tok 2564: 0.482845 argmax 2564
 2564[nll] #1980 tok 20: 0.057964 argmax 20
 20[nll] #1981 tok 45: 0.000054 argmax 45
 45[nll] #1982 tok 13: 0.579864 argmax 13
 13[nll] #1983 tok 443: 0.758709 argmax 443
 443[nll] #1984 tok 7946: 0.141014 argmax 7946
 7946[nll] #1985 tok 21: 0.000033 argmax 21
 21[nll] #1986 tok 15: 0.000001 argmax 15
 15[nll] #1987 tok 574: 0.954693 argmax 574
 574[nll] #1988 tok 457: 0.334872 argmax 457
 457[nll] #1989 tok 7946: 0.102861 argmax 7946
 7946[nll] #1990 tok 18: 0.000010 argmax 18
 18[nll] #1991 tok 15: 0.000002 argmax 15
 15[nll] #1992 tok 15: 0.000007 argmax 15
 15[nll] #1993 tok 13: 0.000199 argmax 13
 13[nll] #1994 tok 7179: 1.392214 argmax 7179
 7179[nll] #1995 tok 13: 0.387678 argmax 13
 13[nll] #1996 tok 271: 0.811406 argmax 271
 271[nll] #1997 tok 22916: 0.895346 argmax 22916
 22916[nll] #1998 tok 6970: 1.199737 argmax 6970
 6970[nll] #1999 tok 2814: 0.741994 argmax 2814
 2814[nll] #2000 tok 7308: 1.117151 argmax 7308
 7308[nll] #2001 tok 16484: 1.076151 argmax 16484
 16484[nll] #2002 tok 30: 0.623458 argmax 30
 30[nll] #2003 tok 2717: 1.763874 argmax 2717
 2717[nll] #2004 tok 4221: 0.553902 argmax 4221
 4221[nll] #2005 tok 364: 0.432138 argmax 364
 364[nll] #2006 tok 8156: 0.124105 argmax 8156
 8156[nll] #2007 tok 6608: 0.001218 argmax 6608
 6608[nll] #2008 tok 13: 0.379716 argmax 13
 13[nll] #2009 tok 39767: 0.022795 argmax 39767
 39767[nll] #2010 tok 85: 0.249533 argmax 85
 85[nll] #2011 tok 2803: 0.000040 argmax 2803
 2803[nll] #2012 tok 7308: 0.998569 argmax 7308
 7308[nll] #2013 tok 13: 0.514718 argmax 13
 13[nll] #2014 tok 7441: 1.075322 argmax 7441
 7441[nll] #2015 tok 13: 0.000003 argmax 13
 13[nll] #2016 tok 271: 0.000605 argmax 271
 271[nll] #2017 tok 22916: 0.782012 argmax 22916
 22916[nll] #2018 tok 1534: 0.302864 argmax 1534
 1534[nll] #2019 tok 4087: 0.521061 argmax 4087
 4087[nll] #2020 tok 440: 0.493148 argmax 440
 440[nll] #2021 tok 31626: 0.364723 argmax 31626
 31626[nll] #2022 tok 13: 0.524773 argmax 13
 13[nll] #2023 tok 16018: 1.051050 argmax 16018
 16018[nll] #2024 tok 2830: 0.763220 argmax 2830
 2830[nll] #2025 tok 7101: 0.760109 argmax 7101
 7101[nll] #2026 tok 11: 0.515564 argmax 11
 11[nll] #2027 tok 30184: 0.611643 argmax 30184
 30184[nll] #2028 tok 11: 0.231372 argmax 11
 11[nll] #2029 tok 21106: 0.820835 argmax 21106
 21106[nll] #2030 tok 4530: 0.125586 argmax 4530
 4530[nll] #2031 tok 13: 0.159256 argmax 13
 13[nll] #2032 tok 14235: 1.210986 argmax 14235
 14235[nll] #2033 tok 6970: 1.137769 argmax 6970
 6970[nll] #2034 tok 6088: 1.022508 argmax 6088
 6088[nll] #2035 tok 4528: 0.688550 argmax 4528
 4528[nll] #2036 tok 3798: 0.284180 argmax 3798
 3798[nll] #2037 tok 220: 0.008983 argmax 220
 220[nll] #2038 tok 19: 0.000024 argmax 19
 19[nll] #2039 tok 15: 0.000000 argmax 15
 15[nll] #2040 tok 15: 0.000044 argmax 15
 15[nll] #2041 tok 369: 0.298007 argmax 369
 369[nll] #2042 tok 524: 0.419875 argmax 524
 524[nll] #2043 tok 10649: 0.025896 argmax 10649
 10649[nll] #2044 tok 26: 0.526864 argmax 26
 26[nll] #2045 tok 3618: 0.066700 argmax 3618
 3618[nll] #2046 tok 3798: 0.384907 argmax 3798
 3798[nll] #2047 tok 369: 0.930558 argmax 369
 369[nll] #2048 tok 10649: 0.198953 argmax 10649
 10649[nll] #2049 tok 13: 0.193782 argmax 13
 13[nll] #2050 tok 561: 1.830495 argmax 561
 561[nll] #2051 tok 7526: 1.096992 argmax 7526
 7526[nll] #2052 tok 2702: 0.238223 argmax 2702
 2702[nll] #2053 tok 4528: 0.000831 argmax 4528
 4528[nll] #2054 tok 369: 0.115734 argmax 369
 369[nll] #2055 tok 220: 0.010678 argmax 220
 220[nll] #2056 tok 18: 0.000361 argmax 18
 18[nll] #2057 tok 15: 0.000011 argmax 15
 15[nll] #2058 tok 15: 0.000023 argmax 15
 15[nll] #2059 tok 20332: 0.033125 argmax 20332
 20332[nll] #2060 tok 13: 0.053966 argmax 13
 13[nll] #2061 tok 82699: 0.648258 argmax 82699
 82699[nll] #2062 tok 25: 0.135888 argmax 25
 25[nll] #2063 tok 378: 0.600294 argmax 378
 378[nll] #2064 tok 1257: 0.000022 argmax 1257
 1257[nll] #2065 tok 13: 0.197938 argmax 13
 13[nll] #2066 tok 220: 0.267805 argmax 220
 220[nll] #2067 tok 19: 0.612563 argmax 19
 19[nll] #2068 tok 15: 0.000114 argmax 15
 15[nll] #2069 tok 2526: 0.000067 argmax 2526
 2526[nll] #2070 tok 11: 0.049438 argmax 11
 11[nll] #2071 tok 220: 0.000760 argmax 220
 220[nll] #2072 tok 15: 0.290912 argmax 15
 15[nll] #2073 tok 10728: 0.001068 argmax 10728
 10728[nll] #2074 tok 11: 0.000102 argmax 11
 11[nll] #2075 tok 220: 0.001219 argmax 220
 220[nll] #2076 tok 17: 0.000075 argmax 17
 17[nll] #2077 tok 15: 0.000021 argmax 15
 15[nll] #2078 tok 3349: 0.000051 argmax 3349
 3349[nll] #2079 tok 26: 0.809862 argmax 26
 26[nll] #2080 tok 466: 0.272347 argmax 466
 466[nll] #2081 tok 220: 0.859923 argmax 413
 220[nll] #2082 tok 17: 0.092952 argmax 17
 17[nll] #2083 tok 2526: 0.003694 argmax 2526
 2526[nll] #2084 tok 11: 0.005083 argmax 11
 11[nll] #2085 tok 220: 0.322367 argmax 220
 220[nll] #2086 tok 20: 0.006216 argmax 20
 20[nll] #2087 tok 22: 0.000308 argmax 22
 22[nll] #2088 tok 10728: 0.000128 argmax 10728
 10728[nll] #2089 tok 11: 0.000010 argmax 11
 11[nll] #2090 tok 220: 0.033155 argmax 220
 220[nll] #2091 tok 16: 0.000053 argmax 16
 16[nll] #2092 tok 3349: 0.000118 argmax 3349
 3349[nll] #2093 tok 13: 0.357891 argmax 13
 13[nll] #2094 tok 15451: 1.212364 argmax 15451
 15451[nll] #2095 tok 369: 0.809716 argmax 369
 369[nll] #2096 tok 2577: 0.638209 argmax 2577
 2577[nll] #2097 tok 30: 0.041190 argmax 30
 30[nll] #2098 tok 1368: 0.547477 argmax 1368
 1368[nll] #2099 tok 781: 1.063909 argmax 781
 781[nll] #2100 tok 2466: 0.498066 argmax 2466
 2466[nll] #2101 tok 14159: 0.607788 argmax 14159
 14159[nll] #2102 tok 314: 0.045464 argmax 314
 314[nll] #2103 tok 1754: 0.000082 argmax 1754
 1754[nll] #2104 tok 3618: 0.017957 argmax 3618
 3618[nll] #2105 tok 11: 0.668173 argmax 11
 11[nll] #2106 tok 6970: 0.420679 argmax 6970
 6970[nll] #2107 tok 2873: 1.435826 argmax 2873
 2873[nll] #2108 tok 799: 0.928910 argmax 799
 799[nll] #2109 tok 13: 1.082602 argmax 13
 13[nll] #2110 tok 1921: 1.166702 argmax 1921
 1921[nll] #2111 tok 413: 0.433699 argmax 413
 413[nll] #2112 tok 781: 1.042721 argmax 781
 781[nll] #2113 tok 1660: 0.619937 argmax 1660
 1660[nll] #2114 tok 328: 1.647215 argmax 328
 328[nll] #2115 tok 8732: 1.112021 argmax 8732
 8732[nll] #2116 tok 11: 0.719387 argmax 11
 11[nll] #2117 tok 10728: 0.001758 argmax 10728
 10728[nll] #2118 tok 11: 0.000791 argmax 11
 11[nll] #2119 tok 3349: 0.000581 argmax 3349
 3349[nll] #2120 tok 1: 0.062778 argmax 1
 1[nll] #2121 tok 6970: 0.737016 argmax 6970
 6970[nll] #2122 tok 660: 1.327505 argmax 660
 660[nll] #2123 tok 14159: 1.005383 argmax 14159
 14159[nll] #2124 tok 30: 0.647735 argmax 30
 30[nll] #2125 tok 353: 1.447131 argmax 353
 353[nll] #2126 tok 628: 0.498175 argmax 628
 628[nll] #2127 tok 2873: 1.042713 argmax 2873
 2873[nll] #2128 tok 2902: 0.839242 argmax 2902
 2902[nll] #2129 tok 321: 0.120807 argmax 321
 321[nll] #2130 tok 264: 1.384847 argmax 264
 264[nll] #2131 tok 13769: 0.602144 argmax 13769
 13769[nll] #2132 tok 22113: 1.447567 argmax 22113
 22113[nll] #2133 tok 1698: 0.849306 argmax 1698
 1698[nll] #2134 tok 13: 0.067665 argmax 13
 13[nll] #2135 tok 1946: 1.307715 argmax 1946
 1946[nll] #2136 tok 5471: 0.138731 argmax 5471
 5471[nll] #2137 tok 69330: 0.658557 argmax 69330
 69330[nll] #2138 tok 883: 0.883859 argmax 883
 883[nll] #2139 tok 6942: 0.223676 argmax 6942
 6942[nll] #2140 tok 11: 0.941052 argmax 11
 11[nll] #2141 tok 2873: 1.242251 argmax 2873
 2873[nll] #2142 tok 449: 1.318168 argmax 449
 449[nll] #2143 tok 22113: 0.356644 argmax 22113
 22113[nll] #2144 tok 6093: 0.519517 argmax 6093
 6093[nll] #2145 tok 1608: 0.780622 argmax 1608
 1608[nll] #2146 tok 660: 0.025721 argmax 660
 660[nll] #2147 tok 2250: 0.004426 argmax 2250
 2250[nll] #2148 tok 25: 0.729808 argmax 25
 25[nll] #2149 tok 220: 0.184475 argmax 220
 220[nll] #2150 tok 17: 0.010383 argmax 17
 17[nll] #2151 tok 2526: 0.000193 argmax 2526
 2526[nll] #2152 tok 11: 0.003791 argmax 11
 11[nll] #2153 tok 220: 0.000414 argmax 220
 220[nll] #2154 tok 20: 0.004199 argmax 20
 20[nll] #2155 tok 22: 0.000044 argmax 22
 22[nll] #2156 tok 10728: 0.000122 argmax 10728
 10728[nll] #2157 tok 11: 0.000002 argmax 11
 11[nll] #2158 tok 220: 0.000196 argmax 220
 220[nll] #2159 tok 16: 0.000032 argmax 16
 16[nll] #2160 tok 3349: 0.000029 argmax 3349
 3349[nll] #2161 tok 13: 0.023436 argmax 13
 13[nll] #2162 tok 1921: 0.342326 argmax 1921
 1921[nll] #2163 tok 369: 1.008152 argmax 369
 369[nll] #2164 tok 421: 0.673911 argmax 421
 421[nll] #2165 tok 40302: 0.708176 argmax 40302
 40302[nll] #2166 tok 30: 0.001664 argmax 30
 30[nll] #2167 tok 1049: 0.769937 argmax 1049
 1049[nll] #2168 tok 5533: 0.807350 argmax 5533
 5533[nll] #2169 tok 220: 1.495028 argmax 220
 220[nll] #2170 tok 16: 0.679861 argmax 16
 16[nll] #2171 tok 3349: 0.001853 argmax 3349
 3349[nll] #2172 tok 11: 0.983890 argmax 11
 11[nll] #2173 tok 220: 0.374324 argmax 220
 220[nll] #2174 tok 17: 0.020548 argmax 17
 17[nll] #2175 tok 2526: 0.004414 argmax 2526
 2526[nll] #2176 tok 11: 0.212754 argmax 11
 11[nll] #2177 tok 220: 0.460044 argmax 220
 220[nll] #2178 tok 20: 0.000244 argmax 20
 20[nll] #2179 tok 22: 0.000214 argmax 22
 22[nll] #2180 tok 10728: 0.003691 argmax 10728
 10728[nll] #2181 tok 13: 0.251719 argmax 13
 13[nll] #2182 tok 16030: 0.786821 argmax 16030
 16030[nll] #2183 tok 220: 0.410220 argmax 220
 220[nll] #2184 tok 18: 0.146484 argmax 18
 18[nll] #2185 tok 15: 0.000309 argmax 15
 15[nll] #2186 tok 15: 0.000319 argmax 15
 15[nll] #2187 tok 13: 0.332149 argmax 13
 13[nll] #2188 tok 1049: 1.433961 argmax 1049
 1049[nll] #2189 tok 65611: 0.377790 argmax 65611
 65611[nll] #2190 tok 506: 0.343515 argmax 506
 506[nll] #2191 tok 3140: 0.086396 argmax 3140
 3140[nll] #2192 tok 10598: 0.001208 argmax 10598
 10598[nll] #2193 tok 430: 0.543712 argmax 430
 430[nll] #2194 tok 1599: 0.001757 argmax 1599
 1599[nll] #2195 tok 2526: 0.000119 argmax 2526
 2526[nll] #2196 tok 430: 0.002597 argmax 430
 430[nll] #2197 tok 3349: 0.000121 argmax 3349
 3349[nll] #2198 tok 13: 0.541143 argmax 13
 13[nll] #2199 tok 1921: 1.286363 argmax 1921
 1921[nll] #2200 tok 6970: 1.035047 argmax 6970
 6970[nll] #2201 tok 781: 1.248743 argmax 781
 781[nll] #2202 tok 4035: 1.112950 argmax 2493
 4035[nll] #2203 tok 10386: 0.932489 argmax 10386
 10386[nll] #2204 tok 33363: 0.983620 argmax 33363
 33363[nll] #2205 tok 3349: 0.961093 argmax 3349
 3349[nll] #2206 tok 30: 0.708335 argmax 30
 30[nll] #2207 tok 2717: 0.887992 argmax 2717
 2717[nll] #2208 tok 5689: 1.169673 argmax 4439
 5689[nll] #2209 tok 13: 0.002594 argmax 13
 13[nll] #2210 tok 1368: 0.724600 argmax 1368
 1368[nll] #2211 tok 781: 0.610779 argmax 781
 781[nll] #2212 tok 2466: 0.861180 argmax 2466
 2466[nll] #2213 tok 328: 0.340678 argmax 328
 328[nll] #2214 tok 43365: 1.163576 argmax 43365
 43365[nll] #2215 tok 314: 0.003874 argmax 314
 314[nll] #2216 tok 1754: 0.001434 argmax 1754
 1754[nll] #2217 tok 3618: 0.000863 argmax 3618
 3618[nll] #2218 tok 1: 0.072900 argmax 1
 1[nll] #2219 tok 32822: 0.236047 argmax 32822
 32822[nll] #2220 tok 6970: 0.706918 argmax 6970
 6970[nll] #2221 tok 866: 0.782452 argmax 866
 866[nll] #2222 tok 22113: 0.376643 argmax 22113
 22113[nll] #2223 tok 13: 0.375451 argmax 13
 13[nll] #2224 tok 16018: 0.691734 argmax 16018
 16018[nll] #2225 tok 2945: 1.372840 argmax 2945
 2945[nll] #2226 tok 4437: 1.434148 argmax 4437
 4437[nll] #2227 tok 2902: 0.695842 argmax 2902
 2902[nll] #2228 tok 25: 0.471014 argmax 25
 25[nll] #2229 tok 318: 1.226915 argmax 318
 318[nll] #2230 tok 17: 0.468141 argmax 17
 17[nll] #2231 tok 83: 0.725907 argmax 83
 83[nll] #2232 tok 11: 0.000360 argmax 11
 11[nll] #2233 tok 220: 0.240020 argmax 220
 220[nll] #2234 tok 21: 0.000088 argmax 21
 21[nll] #2235 tok 15: 0.000002 argmax 15
 15[nll] #2236 tok 12: 0.007069 argmax 12
 12[nll] #2237 tok 18: 0.000001 argmax 18
 18[nll] #2238 tok 83: 0.000025 argmax 83
 83[nll] #2239 tok 11: 0.000888 argmax 11
 11[nll] #2240 tok 259: 0.000039 argmax 259
 259[nll] #2241 tok 8: 0.592141 argmax 8
 8[nll] #2242 tok 364: 0.075094 argmax 364
 364[nll] #2243 tok 259: 0.245298 argmax 259
 259[nll] #2244 tok 28: 0.029807 argmax 28
 28[nll] #2245 tok 15: 0.008289 argmax 15
 15[nll] #2246 tok 27736: 0.265007 argmax 27736
 27736[nll] #2247 tok 11: 0.001730 argmax 11
 11[nll] #2248 tok 17: 0.000122 argmax 17
 17[nll] #2249 tok 15: 0.000032 argmax 15
 15[nll] #2250 tok 13: 0.372109 argmax 13
 13[nll] #2251 tok 1368: 0.826529 argmax 1368
 1368[nll] #2252 tok 660: 0.660216 argmax 660
 660[nll] #2253 tok 2250: 0.077974 argmax 2250
 2250[nll] #2254 tok 12461: 0.577188 argmax 12461
 12461[nll] #2255 tok 1902: 0.132433 argmax 1902
 1902[nll] #2256 tok 4833: 0.606216 argmax 4833
 4833[nll] #2257 tok 11: 0.014183 argmax 11
 11[nll] #2258 tok 1831: 0.934931 argmax 1831
 1831[nll] #2259 tok 259: 0.044987 argmax 259
 259[nll] #2260 tok 28: 0.007714 argmax 28
 28[nll] #2261 tok 16: 0.000457 argmax 16
 16[nll] #2262 tok 27736: 0.808402 argmax 27736
 27736[nll] #2263 tok 11: 0.007581 argmax 11
 11[nll] #2264 tok 16: 0.000512 argmax 16
 16[nll] #2265 tok 24: 0.001149 argmax 24
 24[nll] #2266 tok 26: 0.838547 argmax 26
 26[nll] #2267 tok 378: 0.560331 argmax 378
 378[nll] #2268 tok 1257: 0.000027 argmax 1257
 1257[nll] #2269 tok 13: 0.240587 argmax 13
 13[nll] #2270 tok 220: 0.455720 argmax 220
 220[nll] #2271 tok 17: 0.024400 argmax 17
 17[nll] #2272 tok 2526: 0.179980 argmax 2526
 2526[nll] #2273 tok 11: 0.000104 argmax 11
 11[nll] #2274 tok 220: 0.053427 argmax 220
 220[nll] #2275 tok 20: 0.001774 argmax 20
 20[nll] #2276 tok 22: 0.000224 argmax 22
 22[nll] #2277 tok 10728: 0.000126 argmax 10728
 10728[nll] #2278 tok 11: 0.000007 argmax 11
 11[nll] #2279 tok 220: 0.005422 argmax 220
 220[nll] #2280 tok 16: 0.000021 argmax 16
 16[nll] #2281 tok 3349: 0.000061 argmax 3349
 3349[nll] #2282 tok 13: 0.018020 argmax 13
 13[nll] #2283 tok 1368: 1.023256 argmax 1368
 1368[nll] #2284 tok 6942: 0.698079 argmax 6942
 6942[nll] #2285 tok 5252: 0.214124 argmax 5252
 5252[nll] #2286 tok 11: 0.005659 argmax 11
 11[nll] #2287 tok 220: 0.554393 argmax 220
 220[nll] #2288 tok 19: 0.371335 argmax 19
 19[nll] #2289 tok 15: 0.000074 argmax 15
 15[nll] #2290 tok 2526: 0.001471 argmax 2526
 2526[nll] #2291 tok 11: 0.057630 argmax 11
 11[nll] #2292 tok 220: 0.095744 argmax 220
 220[nll] #2293 tok 15: 0.301960 argmax 15
 15[nll] #2294 tok 10728: 0.000956 argmax 10728
 10728[nll] #2295 tok 11: 0.000007 argmax 11
 11[nll] #2296 tok 220: 0.003577 argmax 220
 220[nll] #2297 tok 17: 0.000093 argmax 17
 17[nll] #2298 tok 15: 0.000069 argmax 15
 15[nll] #2299 tok 3349: 0.000129 argmax 3349
 3349[nll] #2300 tok 1048: 0.327757 argmax 1048
 1048[nll] #2301 tok 4138: 0.755119 argmax 4138
 4138[nll] #2302 tok 13: 0.043909 argmax 13
 13[nll] #2303 tok 14235: 0.539274 argmax 14235
 14235[nll] #2304 tok 6970: 1.134542 argmax 6970
 6970[nll] #2305 tok 4992: 1.225802 argmax 4992
 4992[nll] #2306 tok 799: 0.635713 argmax 799
 799[nll] #2307 tok 440: 0.745404 argmax 440
 440[nll] #2308 tok 660: 0.837473 argmax 660
 660[nll] #2309 tok 2250: 0.528256 argmax 2250
 2250[nll] #2310 tok 310: 0.487353 argmax 310
 310[nll] #2311 tok 381: 0.223133 argmax 381
 381[nll] #2312 tok 5902: 0.030670 argmax 5902
 5902[nll] #2313 tok 13: 0.228853 argmax 13
 13[nll] #2314 tok 1921: 0.307777 argmax 1921
 1921[nll] #2315 tok 413: 0.572210 argmax 413
 413[nll] #2316 tok 781: 1.156682 argmax 781
 781[nll] #2317 tok 1660: 1.396136 argmax 1660
 1660[nll] #2318 tok 14159: 1.738182 argmax 14159
 14159[nll] #2319 tok 6970: 0.468852 argmax 6970
 6970[nll] #2320 tok 220: 1.422587 argmax 220
 220[nll] #2321 tok 19: 0.101327 argmax 19
 19[nll] #2322 tok 15: 0.000489 argmax 15
 15[nll] #2323 tok 2526: 0.162222 argmax 2526
 2526[nll] #2324 tok 11: 0.272153 argmax 11
 11[nll] #2325 tok 220: 0.027754 argmax 220
 220[nll] #2326 tok 17: 0.452521 argmax 17
 17[nll] #2327 tok 15: 0.000674 argmax 15
 15[nll] #2328 tok 3349: 0.004119 argmax 3349
 3349[nll] #2329 tok 30: 0.689588 argmax 30
 30[nll] #2330 tok 6558: 0.688420 argmax 6558
 6558[nll] #2331 tok 579: 0.001939 argmax 579
 579[nll] #2332 tok 1683: 0.404678 argmax 1683
 1683[nll] #2333 tok 13: 1.212513 argmax 13
 13[nll] #2334 tok 271: 0.445351 argmax 271
 271[nll] #2335 tok 760: 1.072142 argmax 760
 760[nll] #2336 tok 3377: 0.219628 argmax 3377
 3377[nll] #2337 tok 25: 0.386060 argmax 25
 25[nll] #2338 tok 328: 0.003571 argmax 328
 328[nll] #2339 tok 32: 0.000045 argmax 32
 32[nll] #2340 tok 29128: 0.000108 argmax 29128
 29128[nll] #2341 tok 17199: 0.000054 argmax 17199
 17199[nll] #2342 tok 220: 0.000015 argmax 220
 220[nll] #2343 tok 18: 0.000003 argmax 18
 18[nll] #2344 tok 12461: 0.000006 argmax 12461
 12461[nll] #2345 tok 314: 0.000023 argmax 314
 314[nll] #2346 tok 14273: 0.000028 argmax 14273
 14273[nll] #2347 tok 25: 0.001489 argmax 25
 25[nll] #2348 tok 2526: 0.000068 argmax 2526
 2526[nll] #2349 tok 318: 0.000722 argmax 318
 318[nll] #2350 tok 17: 0.000012 argmax 17
 17[nll] #2351 tok 20332: 0.000048 argmax 20332
 20332[nll] #2352 tok 681: 0.000011 argmax 681
 681[nll] #2353 tok 10728: 0.000041 argmax 10728
 10728[nll] #2354 tok 318: 0.000016 argmax 318
 318[nll] #2355 tok 20: 0.000027 argmax 20
 20[nll] #2356 tok 20332: 0.000086 argmax 20332
 20332[nll] #2357 tok 8: 0.000296 argmax 8
 8[nll] #2358 tok 321: 0.000042 argmax 321
 321[nll] #2359 tok 3349: 0.000468 argmax 3349
 3349[nll] #2360 tok 318: 0.000094 argmax 318
 318[nll] #2361 tok 16: 0.000020 argmax 16
 16[nll] #2362 tok 16: 0.000111 argmax 16
 16[nll] #2363 tok 20332: 0.000307 argmax 20332
 20332[nll] #2364 tok 553: 0.000039 argmax 553
 553[nll] #2365 tok 357: 0.000051 argmax 357
 357[nll] #2366 tok 10538: 0.000029 argmax 10538
 10538[nll] #2367 tok 22651: 0.000026 argmax 22651
 22651[nll] #2368 tok 506: 0.000014 argmax 506
 506[nll] #2369 tok 1379: 0.000144 argmax 1379
 1379[nll] #2370 tok 220: 0.000009 argmax 220
 220[nll] #2371 tok 19: 0.000036 argmax 19
 19[nll] #2372 tok 15: 0.000009 argmax 15
 15[nll] #2373 tok 15: 0.000001 argmax 15
 15[nll] #2374 tok 20332: 0.000015 argmax 20332
 20332[nll] #2375 tok 321: 0.000012 argmax 321
 321[nll] #2376 tok 506: 0.000022 argmax 506
 506[nll] #2377 tok 1379: 0.000128 argmax 1379
 1379[nll] #2378 tok 220: 0.000015 argmax 220
 220[nll] #2379 tok 21: 0.000054 argmax 21
 21[nll] #2380 tok 15: 0.000017 argmax 15
 15[nll] #2381 tok 14273: 0.000013 argmax 14273
 14273[nll] #2382 tok 13: 0.000003 argmax 13
 13[nll] #2383 tok 6983: 0.000043 argmax 6983
 6983[nll] #2384 tok 42304: 0.000073 argmax 42304
 42304[nll] #2385 tok 1902: 0.000020 argmax 1902
 1902[nll] #2386 tok 6435: 0.000011 argmax 6435
 6435[nll] #2387 tok 506: 0.000048 argmax 506
 506[nll] #2388 tok 3140: 0.000286 argmax 3140
 3140[nll] #2389 tok 10598: 0.000013 argmax 10598
 10598[nll] #2390 tok 430: 0.000009 argmax 430
 430[nll] #2391 tok 1599: 0.000128 argmax 1599
 1599[nll] #2392 tok 2526: 0.000086 argmax 2526
 2526[nll] #2393 tok 14273: 0.000117 argmax 14273
 14273[nll] #2394 tok 430: 0.000022 argmax 430
 430[nll] #2395 tok 3349: 0.000375 argmax 3349
 3349[nll] #2396 tok 5981: 0.000095 argmax 5981
 5981[nll] #2397 tok 13: 0.000010 argmax 13
 13[nll] #2398 tok 3437: 0.000030 argmax 3437
 3437[nll] #2399 tok 369: 0.000001 argmax 369
 369[nll] #2400 tok 279: 0.000003 argmax 279
 279[nll] #2401 tok 7526: 0.000082 argmax 7526
 7526[nll] #2402 tok 2702: 0.000041 argmax 2702
 2702[nll] #2403 tok 4528: 0.000007 argmax 4528
 4528[nll] #2404 tok 264: 0.000034 argmax 264
 264[nll] #2405 tok 3074: 0.000202 argmax 3074
 3074[nll] #2406 tok 10538: 0.000036 argmax 10538
 10538[nll] #2407 tok 628: 0.000005 argmax 628
 628[nll] #2408 tok 6564: 0.000185 argmax 6564
 6564[nll] #2409 tok 30: 0.000092 argmax 30
 30[nll] #2410 tok 6712: 0.000040 argmax 6712
 6712[nll] #2411 tok 678: 0.000224 argmax 678
 678[nll] #2412 tok 31626: 0.000038 argmax 31626
 31626[nll] #2413 tok 321: 0.000010 argmax 321
 321[nll] #2414 tok 2873: 0.000232 argmax 2873
 2873[nll] #2415 tok 279: 0.000039 argmax 279
 279[nll] #2416 tok 14159: 0.000030 argmax 14159
 14159[nll] #2417 tok 314: 0.000077 argmax 314
 314[nll] #2418 tok 1754: 0.000469 argmax 1754
 1754[nll] #2419 tok 3618: 0.000430 argmax 3618
 3618[nll] #2420 tok 1149: 0.000129 argmax 1149
 1149[nll] #2421 tok 1049: 0.775675 argmax 1049
 1049[nll] #2422 tok 2493: 0.685865 argmax 2493
 2493[nll] #2423 tok 381: 0.022434 argmax 381
 381[nll] #2424 tok 494: 0.401684 argmax 494
 494[nll] #2425 tok 24460: 1.298319 argmax 24460
 24460[nll] #2426 tok 23850: 0.772401 argmax 23850
 23850[nll] #2427 tok 13: 0.171322 argmax 13
 13[nll] #2428 tok 2302: 0.154715 argmax 2302
 2302[nll] #2429 tok 2493: 0.933667 argmax 2493
 2493[nll] #2430 tok 1660: 0.081117 argmax 1660
 1660[nll] #2431 tok 1608: 1.195810 argmax 1608
 1608[nll] #2432 tok 3349: 1.591937 argmax 3349
 3349[nll] #2433 tok 14273: 0.061706 argmax 14273
 14273[nll] #2434 tok 30: 1.192583 argmax 30
 30[nll] #2435 tok 1921: 1.391515 argmax 1921
 1921[nll] #2436 tok 279: 1.661718 argmax 279
 279[nll] #2437 tok 20908: 1.378196 argmax 20908
 20908[nll] #2438 tok 2526: 1.372345 argmax 2526
 2526[nll] #2439 tok 2518: 0.698888 argmax 2518
 2518[nll] #2440 tok 220: 0.466006 argmax 220
 220[nll] #2441 tok 17: 0.000015 argmax 17
 17[nll] #2442 tok 3349: 0.056744 argmax 3349
 3349[nll] #2443 tok 3520: 0.672959 argmax 3520
 3520[nll] #2444 tok 3349: 0.891899 argmax 3349
 3349[nll] #2445 tok 10: 0.904514 argmax 10
 10[nll] #2446 tok 8732: 0.048917 argmax 8732
 8732[nll] #2447 tok 5289: 0.562209 argmax 5289
 5289[nll] #2448 tok 220: 0.183936 argmax 220
 220[nll] #2449 tok 20: 0.006118 argmax 20
 20[nll] #2450 tok 11: 0.428008 argmax 11
 11[nll] #2451 tok 1788: 0.430423 argmax 1788
 1788[nll] #2452 tok 430: 0.000322 argmax 430
 430[nll] #2453 tok 10728: 0.000043 argmax 10728
 10728[nll] #2454 tok 13: 0.113638 argmax 13
 13[nll] #2455 tok 1987: 0.665430 argmax 1987
 1987[nll] #2456 tok 1866: 1.315246 argmax 1866
 1866[nll] #2457 tok 4528: 0.658175 argmax 4528
 4528[nll] #2458 tok 220: 1.227773 argmax 220
 220[nll] #2459 tok 18: 0.417340 argmax 18
 18[nll] #2460 tok 15: 0.000279 argmax 15
 15[nll] #2461 tok 15: 0.000009 argmax 15
 15[nll] #2462 tok 13: 0.298368 argmax 13
 13[nll] #2463 tok 82699: 0.694136 argmax 82699
 82699[nll] #2464 tok 1362: 0.807662 argmax 1362
 1362[nll] #2465 tok 381: 0.026625 argmax 381
 381[nll] #2466 tok 220: 0.872654 argmax 220
 220[nll] #2467 tok 21: 0.853756 argmax 21
 21[nll] #2468 tok 15: 0.000086 argmax 15
 15[nll] #2469 tok 10728: 0.027136 argmax 10728
 10728[nll] #2470 tok 13: 1.022232 argmax 13
 13[nll] #2471 tok 1921: 0.135329 argmax 1921
 1921[nll] #2472 tok 413: 0.535377 argmax 413
 413[nll] #2473 tok 781: 0.460461 argmax 781
 781[nll] #2474 tok 1318: 0.974739 argmax 1318
 1318[nll] #2475 tok 328: 1.111050 argmax 328
 328[nll] #2476 tok 18: 0.879373 argmax 18
 18[nll] #2477 tok 12461: 0.000013 argmax 12461
 12461[nll] #2478 tok 1: 0.035319 argmax 1
 1[nll] #2479 tok 6970: 0.059105 argmax 6970
 6970[nll] #2480 tok 6970: 1.685925 argmax 6970
 6970[nll] #2481 tok 1754: 1.199192 argmax 1754
 1754[nll] #2482 tok 42304: 0.519733 argmax 42304
 42304[nll] #2483 tok 5435: 1.168454 argmax 5435
 5435[nll] #2484 tok 506: 0.880508 argmax 506
 506[nll] #2485 tok 3140: 0.004553 argmax 3140
 3140[nll] #2486 tok 799: 0.222944 argmax 799
 799[nll] #2487 tok 314: 0.271569 argmax 314
 314[nll] #2488 tok 1754: 0.001416 argmax 1754
 1754[nll] #2489 tok 30: 0.008400 argmax 30
 30[nll] #2490 tok 2717: 0.716793 argmax 2717
 2717[nll] #2491 tok 11135: 1.064629 argmax 11135
 11135[nll] #2492 tok 13: 0.002577 argmax 13
 13[nll] #2493 tok 1368: 0.305748 argmax 1368
 1368[nll] #2494 tok 781: 1.051045 argmax 781
 781[nll] #2495 tok 2466: 0.927701 argmax 2466
 2466[nll] #2496 tok 14159: 0.515183 argmax 14159
 14159[nll] #2497 tok 314: 0.117971 argmax 314
 314[nll] #2498 tok 1754: 0.000142 argmax 1754
 1754[nll] #2499 tok 3618: 0.023550 argmax 3618
 3618[nll] #2500 tok 11: 0.098750 argmax 11
 11[nll] #2501 tok 6970: 0.908142 argmax 6970
 6970[nll] #2502 tok 781: 0.814309 argmax 781
 781[nll] #2503 tok 1660: 0.579849 argmax 1660
 1660[nll] #2504 tok 264: 1.190243 argmax 264
 264[nll] #2505 tok 3050: 1.389186 argmax 3050
 3050[nll] #2506 tok 10286: 1.174848 argmax 10286
 10286[nll] #2507 tok 30: 0.371041 argmax 30
 30[nll] #2508 tok 2532: 0.528573 argmax 2532
 2532[nll] #2509 tok 513: 0.041441 argmax 513
 513[nll] #2510 tok 1599: 0.597231 argmax 1599
 1599[nll] #2511 tok 13: 0.153670 argmax 13
 13[nll] #2512 tok 14235: 0.742901 argmax 14235
 14235[nll] #2513 tok 1528: 1.040437 argmax 1528
 1528[nll] #2514 tok 2397: 0.492873 argmax 2397
 2397[nll] #2515 tok 12: 0.419710 argmax 12
 12[nll] #2516 tok 9301: 0.000201 argmax 9301
 9301[nll] #2517 tok 13: 0.409631 argmax 13
 13[nll] #2518 tok 38256: 0.807316 argmax 38256
 38256[nll] #2519 tok 799: 0.828797 argmax 799
 799[nll] #2520 tok 22113: 1.433487 argmax 22113
 22113[nll] #2521 tok 716: 0.781226 argmax 716
 716[nll] #2522 tok 13: 0.932795 argmax 13
 13[nll] #2523 tok 1368: 1.161913 argmax 1368
 1368[nll] #2524 tok 781: 0.503485 argmax 781
 781[nll] #2525 tok 1318: 0.920413 argmax 1318
 1318[nll] #2526 tok 660: 1.163910 argmax 660
 660[nll] #2527 tok 2250: 0.293923 argmax 2250
 2250[nll] #2528 tok 11: 0.858506 argmax 11
 11[nll] #2529 tok 2873: 1.004225 argmax 2873
 2873[nll] #2530 tok 660: 0.520184 argmax 660
 660[nll] #2531 tok 2250: 0.479059 argmax 2250
 2250[nll] #2532 tok 6572: 0.272609 argmax 6572
 6572[nll] #2533 tok 13: 0.079203 argmax 13
 13[nll] #2534 tok 1921: 1.261091 argmax 1921
 1921[nll] #2535 tok 413: 0.536355 argmax 413
 413[nll] #2536 tok 781: 0.576281 argmax 781
 781[nll] #2537 tok 1318: 1.102565 argmax 1318
 1318[nll] #2538 tok 33363: 1.287312 argmax 33363
 33363[nll] #2539 tok 4528: 1.221553 argmax 4528
 4528[nll] #2540 tok 11: 0.865034 argmax 11
 11[nll] #2541 tok 866: 0.991509 argmax 866
 866[nll] #2542 tok 440: 1.285774 argmax 440
 440[nll] #2543 tok 220: 0.306117 argmax 220
 220[nll] #2544 tok 21: 0.000633 argmax 21
 21[nll] #2545 tok 15: 0.000043 argmax 15
 15[nll] #2546 tok 14273: 0.010907 argmax 14273
 14273[nll] #2547 tok 321: 0.007373 argmax 321
 321[nll] #2548 tok 274: 0.227778 argmax 274
 274[nll] #2549 tok 28: 0.000443 argmax 28
 28[nll] #2550 tok 17: 0.000005 argmax 17
 17[nll] #2551 tok 75: 0.000312 argmax 75
 75[nll] #2552 tok 13: 0.632886 argmax 13
 13[nll] #2553 tok 1368: 1.491664 argmax 1368
 1368[nll] #2554 tok 781: 1.142172 argmax 781
 781[nll] #2555 tok 1318: 0.720761 argmax 1318
 1318[nll] #2556 tok 328: 1.187202 argmax 328
 328[nll] #2557 tok 43365: 0.834353 argmax 43365
 43365[nll] #2558 tok 314: 0.314731 argmax 314
 314[nll] #2559 tok 1754: 0.000137 argmax 1754
 1754[nll] #2560 tok 3618: 0.008911 argmax 3618
 3618[nll] #2561 tok 1: 0.022336 argmax 1
 1[nll] #2562 tok 6970: 0.214414 argmax 6970
 6970[nll] #2563 tok 4992: 1.674245 argmax 4992
 4992[nll] #2564 tok 799: 1.660550 argmax 799
 799[nll] #2565 tok 440: 0.824422 argmax 440
 440[nll] #2566 tok 660: 1.229461 argmax 660
 660[nll] #2567 tok 2250: 0.381490 argmax 2250
 2250[nll] #2568 tok 310: 0.900344 argmax 310
 310[nll] #2569 tok 5471: 0.933740 argmax 5471
 5471[nll] #2570 tok 6942: 0.854409 argmax 6942
 6942[nll] #2571 tok 4125: 1.922360 argmax 13
 4125[nll] #2572 tok 13: 0.420174 argmax 13
 13[nll] #2573 tok 1921: 0.952115 argmax 1921
 1921[nll] #2574 tok 413: 0.939523 argmax 413
 413[nll] #2575 tok 781: 0.918549 argmax 781
 781[nll] #2576 tok 1660: 1.951341 argmax 1660
 1660[nll] #2577 tok 1608: 1.832807 argmax 1608
 1608[nll] #2578 tok 3349: 0.854528 argmax 3349
 3349[nll] #2579 tok 14273: 0.358318 argmax 14273
 14273[nll] #2580 tok 310: 1.480235 argmax 310
 310[nll] #2581 tok 33363: 1.593004 argmax 33363
 33363[nll] #2582 tok 4528: 0.494929 argmax 4528
 4528[nll] #2583 tok 30: 0.354246 argmax 30
 30[nll] #2584 tok 8439: 1.697721 argmax 8439
 8439[nll] #2585 tok 10728: 0.976128 argmax 3349
 10728[nll] #2586 tok 1788: 1.172179 argmax 321
 1788[nll] #2587 tok 5289: 0.224443 argmax 5289
 5289[nll] #2588 tok 11: 0.077770 argmax 11
 11[nll] #2589 tok 3349: 1.380640 argmax 3349
 3349[nll] #2590 tok 524: 0.809327 argmax 524
 524[nll] #2591 tok 4221: 1.599449 argmax 4221
 4221[nll] #2592 tok 13: 0.027917 argmax 13
 13[nll] #2593 tok 1921: 0.550702 argmax 1921
 1921[nll] #2594 tok 413: 1.347286 argmax 413
 413[nll] #2595 tok 781: 0.999302 argmax 781
 781[nll] #2596 tok 1325: 1.234680 argmax 1325
 1325[nll] #2597 tok 506: 0.769473 argmax 506
 506[nll] #2598 tok 3140: 0.027113 argmax 3140
 3140[nll] #2599 tok 10598: 0.315443 argmax 10598
 10598[nll] #2600 tok 430: 0.454732 argmax 430
 430[nll] #2601 tok 1599: 0.003896 argmax 1599
 1599[nll] #2602 tok 2526: 0.000158 argmax 2526
 2526[nll] #2603 tok 430: 0.002792 argmax 430
 430[nll] #2604 tok 3349: 0.000039 argmax 3349
 3349[nll] #2605 tok 11: 0.039108 argmax 11
 11[nll] #2606 tok 1608: 1.041302 argmax 1608
 1608[nll] #2607 tok 3349: 0.232132 argmax 3349
 3349[nll] #2608 tok 14273: 1.509297 argmax 14273
 14273[nll] #2609 tok 3070: 1.188626 argmax 3070
 3070[nll] #2610 tok 914: 0.000140 argmax 914
 914[nll] #2611 tok 5096: 0.417780 argmax 5096
 5096[nll] #2612 tok 5289: 0.208352 argmax 5289
 5289[nll] #2613 tok 7551: 0.349677 argmax 7551
 7551[nll] #2614 tok 10728: 0.481403 argmax 10728
 10728[nll] #2615 tok 13: 0.260626 argmax 13
 13[nll] #2616 tok 1987: 0.614438 argmax 1987
 1987[nll] #2617 tok 1599: 1.221734 argmax 1599
 1599[nll] #2618 tok 3278: 0.916321 argmax 3278
 3278[nll] #2619 tok 7287: 0.001900 argmax 7287
 7287[nll] #2620 tok 13: 0.000317 argmax 13
 13[nll] #2621 tok 271: 0.439591 argmax 271
 271[nll] #2622 tok 22916: 0.859840 argmax 22916
 22916[nll] #2623 tok 6970: 0.882476 argmax 6970
 6970[nll] #2624 tok 4123: 1.387121 argmax 4123
 4123[nll] #2625 tok 413: 0.515557 argmax 413
 413[nll] #2626 tok 6942: 1.667394 argmax 6942
 6942[nll] #2627 tok 14159: 1.188346 argmax 3349
 14159[nll] #2628 tok 5252: 0.102980 argmax 5252
 5252[nll] #2629 tok 13: 0.123911 argmax 13
 13[nll] #2630 tok 733: 1.082800 argmax 733
 733[nll] #2631 tok 3493: 1.804418 argmax 3493
 3493[nll] #2632 tok 16762: 0.000269 argmax 16762
 16762[nll] #2633 tok 1171: 0.679489 argmax 1171
 1171[nll] #2634 tok 11: 0.236092 argmax 11
 11[nll] #2635 tok 14159: 0.396416 argmax 14159
 14159[nll] #2636 tok 628: 0.305183 argmax 628
 628[nll] #2637 tok 381: 0.000016 argmax 381
 381[nll] #2638 tok 6942: 0.044961 argmax 6942
 6942[nll] #2639 tok 7014: 0.505790 argmax 7014
 7014[nll] #2640 tok 5024: 0.817613 argmax 5024
 5024[nll] #2641 tok 13: 0.390989 argmax 13
 13[nll] #2642 tok 1921: 0.738392 argmax 1921
 1921[nll] #2643 tok 328: 0.275152 argmax 328
 328[nll] #2644 tok 17149: 0.083422 argmax 17149
 17149[nll] #2645 tok 220: 0.000038 argmax 220
 220[nll] #2646 tok 18: 0.000004 argmax 18
 18[nll] #2647 tok 12461: 0.000017 argmax 12461
 12461[nll] #2648 tok 1: 0.062988 argmax 1
 1[nll] #2649 tok 1362: 0.820247 argmax 1362
 1362[nll] #2650 tok 32396: 0.428877 argmax 32396
 32396[nll] #2651 tok 2420: 0.592424 argmax 2420
 2420[nll] #2652 tok 11: 0.753230 argmax 11
 11[nll] #2653 tok 524: 0.000560 argmax 524
 524[nll] #2654 tok 13902: 1.126057 argmax 13902
 13902[nll] #2655 tok 1429: 0.835272 argmax 1429
 1429[nll] #2656 tok 13: 0.001904 argmax 13
 13[nll] #2657 tok 1946: 0.940156 argmax 1946
 1946[nll] #2658 tok 381: 0.073601 argmax 381
 381[nll] #2659 tok 21094: 0.578939 argmax 21094
 21094[nll] #2660 tok 25: 0.078411 argmax 25
 25[nll] #2661 tok 328: 0.085848 argmax 328
 328[nll] #2662 tok 3833: 0.379747 argmax 3833
 3833[nll] #2663 tok 22113: 0.075531 argmax 22113
 22113[nll] #2664 tok 42304: 0.774366 argmax 42304
 42304[nll] #2665 tok 369: 0.104794 argmax 369
 369[nll] #2666 tok 220: 0.480704 argmax 220
 220[nll] #2667 tok 17: 0.244553 argmax 17
 17[nll] #2668 tok 2526: 0.000501 argmax 2526
 2526[nll] #2669 tok 11: 0.000533 argmax 11
 11[nll] #2670 tok 220: 0.000052 argmax 220
 220[nll] #2671 tok 20: 0.004095 argmax 20
 20[nll] #2672 tok 22: 0.000095 argmax 22
 22[nll] #2673 tok 10728: 0.000027 argmax 10728
 10728[nll] #2674 tok 11: 0.000006 argmax 11
 11[nll] #2675 tok 220: 0.029969 argmax 220
 220[nll] #2676 tok 16: 0.000095 argmax 16
 16[nll] #2677 tok 3349: 0.000098 argmax 3349
 3349[nll] #2678 tok 318: 0.455672 argmax 318
 318[nll] #2679 tok 331: 0.790713 argmax 331
 331[nll] #2680 tok 660: 0.746645 argmax 660
 660[nll] #2681 tok 2250: 0.005717 argmax 2250
 2250[nll] #2682 tok 12461: 0.338048 argmax 12461
 12461[nll] #2683 tok 1902: 0.245465 argmax 1902
 1902[nll] #2684 tok 381: 0.760853 argmax 4833
 381[nll] #2685 tok 2945: 0.441483 argmax 2945
 2945[nll] #2686 tok 553: 0.260525 argmax 553
 553[nll] #2687 tok 1368: 0.069644 argmax 1368
 1368[nll] #2688 tok 6942: 0.336916 argmax 6942
 6942[nll] #2689 tok 14159: 0.463258 argmax 14159
 14159[nll] #2690 tok 513: 0.015590 argmax 513
 513[nll] #2691 tok 5252: 0.015458 argmax 5252
 5252[nll] #2692 tok 11: 0.000360 argmax 11
 11[nll] #2693 tok 220: 0.508952 argmax 220
 220[nll] #2694 tok 15: 0.762156 argmax 15
 15[nll] #2695 tok 2526: 0.015133 argmax 2526
 2526[nll] #2696 tok 11: 0.009641 argmax 11
 11[nll] #2697 tok 220: 0.037637 argmax 220
 220[nll] #2698 tok 21: 0.012179 argmax 21
 21[nll] #2699 tok 15: 0.000016 argmax 15
 15[nll] #2700 tok 10728: 0.000371 argmax 10728
 10728[nll] #2701 tok 11: 0.003119 argmax 11
 11[nll] #2702 tok 220: 0.000405 argmax 220
 220[nll] #2703 tok 15: 0.000523 argmax 15
 15[nll] #2704 tok 3349: 0.000142 argmax 3349
 3349[nll] #2705 tok 466: 0.434011 argmax 466
 466[nll] #2706 tok 220: 0.000027 argmax 220
 220[nll] #2707 tok 19: 0.000111 argmax 19
 19[nll] #2708 tok 15: 0.000010 argmax 15
 15[nll] #2709 tok 2526: 0.000062 argmax 2526
 2526[nll] #2710 tok 11: 0.000175 argmax 11
 11[nll] #2711 tok 220: 0.014315 argmax 220
 220[nll] #2712 tok 15: 0.083370 argmax 15
 15[nll] #2713 tok 10728: 0.000652 argmax 10728
 10728[nll] #2714 tok 11: 0.000006 argmax 11
 11[nll] #2715 tok 220: 0.001370 argmax 220
 220[nll] #2716 tok 17: 0.000089 argmax 17
 17[nll] #2717 tok 15: 0.000033 argmax 15
 15[nll] #2718 tok 3349: 0.000090 argmax 3349
 3349[nll] #2719 tok 1048: 0.245743 argmax 1048
 1048[nll] #2720 tok 944: 0.631807 argmax 944
 944[nll] #2721 tok 1149: 0.317888 argmax 1149
 1149[nll] #2722 tok 1921: 0.596210 argmax 1921
 1921[nll] #2723 tok 1534: 0.858710 argmax 1534
 1534[nll] #2724 tok 4087: 0.804924 argmax 4087
 4087[nll] #2725 tok 1220: 0.651922 argmax 1220
 1220[nll] #2726 tok 524: 0.389062 argmax 524
 524[nll] #2727 tok 381: 0.051794 argmax 381
 381[nll] #2728 tok 2166: 0.116459 argmax 2166
 2166[nll] #2729 tok 58185: 0.426210 argmax 58185
 58185[nll] #2730 tok 3072: 0.613998 argmax 3072
 3072[nll] #2731 tok 30: 0.108132 argmax 30
 30[nll] #2732 tok 16018: 0.390831 argmax 16018
 16018[nll] #2733 tok 1910: 0.571411 argmax 1910
 1910[nll] #2734 tok 7526: 0.516599 argmax 7526
 7526[nll] #2735 tok 4528: 0.792614 argmax 4528
 4528[nll] #2736 tok 220: 0.127593 argmax 220
 220[nll] #2737 tok 18: 0.000024 argmax 18
 18[nll] #2738 tok 15: 0.000001 argmax 15
 15[nll] #2739 tok 15: 0.000005 argmax 15
 15[nll] #2740 tok 20332: 0.646939 argmax 20332
 20332[nll] #2741 tok 26: 0.458264 argmax 26
 26[nll] #2742 tok 14159: 1.182713 argmax 14159
 14159[nll] #2743 tok 524: 0.460120 argmax 524
 524[nll] #2744 tok 4752: 0.000040 argmax 4752
 4752[nll] #2745 tok 26: 0.617696 argmax 26
 26[nll] #2746 tok 378: 0.945917 argmax 378
 378[nll] #2747 tok 1257: 0.000017 argmax 1257
 1257[nll] #2748 tok 13: 0.071338 argmax 13
 13[nll] #2749 tok 220: 0.371001 argmax 220
 220[nll] #2750 tok 19: 0.594056 argmax 19
 19[nll] #2751 tok 15: 0.000322 argmax 15
 15[nll] #2752 tok 2526: 0.000258 argmax 2526
 2526[nll] #2753 tok 11: 0.095633 argmax 11
 11[nll] #2754 tok 220: 0.000438 argmax 220
 220[nll] #2755 tok 15: 0.349276 argmax 15
 15[nll] #2756 tok 10728: 0.000784 argmax 10728
 10728[nll] #2757 tok 11: 0.000004 argmax 11
 11[nll] #2758 tok 220: 0.000433 argmax 220
 220[nll] #2759 tok 17: 0.000069 argmax 17
 17[nll] #2760 tok 15: 0.000011 argmax 15
 15[nll] #2761 tok 3349: 0.000017 argmax 3349
 3349[nll] #2762 tok 13: 0.264397 argmax 13
 13[nll] #2763 tok 1368: 0.518809 argmax 1368
 1368[nll] #2764 tok 488: 1.074301 argmax 488
 488[nll] #2765 tok 1325: 0.538832 argmax 1325
 1325[nll] #2766 tok 660: 0.362979 argmax 660
 660[nll] #2767 tok 2250: 0.005422 argmax 2250
 2250[nll] #2768 tok 12461: 0.583493 argmax 12461
 12461[nll] #2769 tok 11: 0.145382 argmax 11
 11[nll] #2770 tok 958: 0.705528 argmax 958
 958[nll] #2771 tok 220: 0.002189 argmax 220
 220[nll] #2772 tok 17: 0.003210 argmax 17
 17[nll] #2773 tok 2526: 0.023790 argmax 2526
 2526[nll] #2774 tok 11: 0.000013 argmax 11
 11[nll] #2775 tok 220: 0.014688 argmax 220
 220[nll] #2776 tok 20: 0.002313 argmax 20
 20[nll] #2777 tok 22: 0.000316 argmax 22
 22[nll] #2778 tok 10728: 0.000177 argmax 10728
 10728[nll] #2779 tok 11: 0.000003 argmax 11
 11[nll] #2780 tok 220: 0.002926 argmax 220
 220[nll] #2781 tok 16: 0.000022 argmax 16
 16[nll] #2782 tok 3349: 0.000076 argmax 3349
 3349[nll] #2783 tok 13: 0.000960 argmax 13
 13[nll] #2784 tok 2844: 0.699706 argmax 2844
 2844[nll] #2785 tok 14103: 0.397241 argmax 14103
 14103[nll] #2786 tok 13: 0.000322 argmax 13
 13[nll] #2787 tok 271: 0.125480 argmax 271
 271[nll] #2788 tok 22916: 0.194336 argmax 22916
 22916[nll] #2789 tok 5790: 0.444044 argmax 5790
 5790[nll] #2790 tok 874: 0.663648 argmax 874
 874[nll] #2791 tok 7920: 0.938234 argmax 7920
 7920[nll] #2792 tok 20908: 1.208986 argmax 20908
 20908[nll] #2793 tok 25: 0.275102 argmax 25
 25[nll] #2794 tok 328: 0.810584 argmax 328
 328[nll] #2795 tok 266: 0.477470 argmax 266
 266[nll] #2796 tok 1379: 0.135998 argmax 1379
 1379[nll] #2797 tok 220: 0.024435 argmax 220
 220[nll] #2798 tok 19: 0.033573 argmax 19
 19[nll] #2799 tok 15: 0.000011 argmax 15
 15[nll] #2800 tok 15: 0.000012 argmax 15
 15[nll] #2801 tok 20332: 0.000983 argmax 20332
 20332[nll] #2802 tok 321: 0.014689 argmax 321
 321[nll] #2803 tok 506: 0.000004 argmax 506
 506[nll] #2804 tok 1379: 0.000233 argmax 1379
 1379[nll] #2805 tok 220: 0.000006 argmax 220
 220[nll] #2806 tok 21: 0.000006 argmax 21
 21[nll] #2807 tok 15: 0.000009 argmax 15
 15[nll] #2808 tok 14273: 0.000017 argmax 14273
 14273[nll] #2809 tok 1: 0.434084 argmax 1
 1[nll] #2810 tok 6970: 1.005160 argmax 6970
 6970[nll] #2811 tok 2107: 0.750625 argmax 2107
 2107[nll] #2812 tok 13: 1.084792 argmax 13
 13[nll] #2813 tok 328: 1.069768 argmax 328
 328[nll] #2814 tok 11179: 0.094149 argmax 11179
 11179[nll] #2815 tok 42304: 0.000037 argmax 42304
 42304[nll] #2816 tok 1902: 0.000180 argmax 1902
 1902[nll] #2817 tok 6435: 0.000004 argmax 6435
 6435[nll] #2818 tok 506: 0.000005 argmax 506
 506[nll] #2819 tok 3140: 0.000073 argmax 3140
 3140[nll] #2820 tok 10598: 0.000004 argmax 10598
 10598[nll] #2821 tok 430: 0.000009 argmax 430
 430[nll] #2822 tok 1599: 0.000064 argmax 1599
 1599[nll] #2823 tok 2526: 0.000039 argmax 2526
 2526[nll] #2824 tok 14273: 0.000048 argmax 14273
 14273[nll] #2825 tok 430: 0.000020 argmax 430
 430[nll] #2826 tok 3349: 0.000062 argmax 3349
 3349[nll] #2827 tok 5981: 0.000059 argmax 5981
 5981[nll] #2828 tok 1149: 0.046457 argmax 1149
 1149[nll] #2829 tok 16018: 0.599905 argmax 16018
 16018[nll] #2830 tok 2977: 0.749891 argmax 2977
 2977[nll] #2831 tok 1324: 0.832733 argmax 1324
 1324[nll] #2832 tok 314: 0.488512 argmax 314
 314[nll] #2833 tok 2526: 0.001038 argmax 2526
 2526[nll] #2834 tok 14273: 0.391173 argmax 14273
 14273[nll] #2835 tok 2518: 0.190877 argmax 2518
 2518[nll] #2836 tok 220: 0.042945 argmax 220
 220[nll] #2837 tok 17: 0.000033 argmax 17
 17[nll] #2838 tok 348: 0.137560 argmax 348
 348[nll] #2839 tok 1324: 0.008692 argmax 1324
 1324[nll] #2840 tok 314: 0.141692 argmax 314
 314[nll] #2841 tok 3349: 0.002614 argmax 3349
 3349[nll] #2842 tok 14273: 0.012467 argmax 14273
 14273[nll] #2843 tok 13: 0.042253 argmax 13
 13[nll] #2844 tok 7179: 0.223460 argmax 7179
 7179[nll] #2845 tok 13: 0.000030 argmax 13
 13[nll] #2846 tok 271: 0.108977 argmax 271
 271[nll] #2847 tok 9764: 0.441562 argmax 9764
 9764[nll] #2848 tok 579: 0.000115 argmax 579
 579[nll] #2849 tok 2814: 1.010970 argmax 2814
 2814[nll] #2850 tok 413: 0.388019 argmax 413
 413[nll] #2851 tok 1017: 1.049983 argmax 1017
 1017[nll] #2852 tok 369: 0.213948 argmax 369
 369[nll] #2853 tok 866: 0.486681 argmax 866
 866[nll] #2854 tok 12665: 1.586706 argmax 12665
 12665[nll] #2855 tok 314: 1.182520 argmax 314
 314[nll] #2856 tok 220: 1.208883 argmax 220
 220[nll] #2857 tok 18: 0.351679 argmax 18
 18[nll] #2858 tok 15: 0.148338 argmax 15
 15[nll] #2859 tok 16: 0.368356 argmax 16
 16[nll] #2860 tok 30: 0.884998 argmax 30
 30[nll] #2861 tok 79762: 0.911723 argmax 79762
 79762[nll] #2862 tok 443: 0.874247 argmax 443
 443[nll] #2863 tok 28: 0.013881 argmax 28
 28[nll] #2864 tok 21: 0.385423 argmax 21
 21[nll] #2865 tok 15: 0.221964 argmax 15
 15[nll] #2866 tok 11: 0.077256 argmax 11
 11[nll] #2867 tok 457: 0.621061 argmax 457
 457[nll] #2868 tok 28: 0.661116 argmax 28
 28[nll] #2869 tok 18: 0.408047 argmax 18
 18[nll] #2870 tok 15: 0.000608 argmax 15
 15[nll] #2871 tok 16: 0.133211 argmax 16
 16[nll] #2872 tok 1000: 0.783763 argmax 1000
 1000[nll] #2873 tok 1325: 0.086684 argmax 1325
 1325[nll] #2874 tok 5289: 0.439819 argmax 5289
 5289[nll] #2875 tok 220: 0.572038 argmax 220
 220[nll] #2876 tok 20: 0.001365 argmax 20
 20[nll] #2877 tok 13: 0.000098 argmax 13
 13[nll] #2878 tok 15: 0.000024 argmax 15
 15[nll] #2879 tok 16: 0.000066 argmax 16
 16[nll] #2880 tok 21: 0.000321 argmax 21
 21[nll] #2881 tok 22: 0.406826 argmax 22
 22[nll] #2882 tok 11: 0.886587 argmax 11
 11[nll] #2883 tok 11656: 0.554898 argmax 11656
 11656[nll] #2884 tok 4016: 0.749982 argmax 4016
 4016[nll] #2885 tok 30184: 0.654219 argmax 30184
 30184[nll] #2886 tok 13: 0.014754 argmax 13
 13[nll] #2887 tok 1368: 0.774766 argmax 1368
 1368[nll] #2888 tok 443: 0.003717 argmax 443
 443[nll] #2889 tok 28: 0.196041 argmax 28
 28[nll] #2890 tok 20: 0.092960 argmax 20
 20[nll] #2891 tok 24: 0.007961 argmax 24
 24[nll] #2892 tok 11: 0.088768 argmax 11
 11[nll] #2893 tok 1866: 0.565933 argmax 1866
 1866[nll] #2894 tok 457: 0.815001 argmax 220
 457[nll] #2895 tok 28: 0.901572 argmax 28
 28[nll] #2896 tok 17: 0.034044 argmax 17
 17[nll] #2897 tok 24: 0.000178 argmax 24
 24[nll] #2898 tok 20: 0.000462 argmax 20
 20[nll] #2899 tok 13: 0.274127 argmax 13
 13[nll] #2900 tok 1987: 0.179809 argmax 1987
 1987[nll] #2901 tok 220: 0.222577 argmax 220
 220[nll] #2902 tok 18: 0.004234 argmax 18
 18[nll] #2903 tok 15: 0.000080 argmax 15
 15[nll] #2904 tok 15: 0.000372 argmax 15
 15[nll] #2905 tok 1866: 0.634126 argmax 1866
 1866[nll] #2906 tok 13: 0.000354 argmax 13
 13[nll] #2907 tok 7441: 0.585759 argmax 7441
 7441[nll] #2908 tok 13: 0.000002 argmax 13
 13[nll] #2909 tok 271: 0.000325 argmax 271
 271[nll] #2910 tok 22916: 0.244399 argmax 22916
 22916[nll] #2911 tok 6970: 1.016549 argmax 6970
 6970[nll] #2912 tok 2945: 1.303539 argmax 2945
 2945[nll] #2913 tok 430: 1.934766 argmax 430
 430[nll] #2914 tok 25: 0.168857 argmax 25
 25[nll] #2915 tok 198: 0.178054 argmax 198
 198[nll] #2916 tok 9764: 0.000067 argmax 9764
 9764[nll] #2917 tok 274: 0.199991 argmax 274
 274[nll] #2918 tok 12709: 0.012354 argmax 12709
 12709[nll] #2919 tok 21518: 0.002706 argmax 21518
 21518[nll] #2920 tok 13: 0.918927 argmax 381
 13[nll] #2921 tok 10342: 0.990120 argmax 10342
 10342[nll] #2922 tok 14273: 0.404855 argmax 14273
 14273[nll] #2923 tok 417: 0.482596 argmax 417
 417[nll] #2924 tok 13744: 0.093172 argmax 13744
 13744[nll] #2925 tok 57838: 0.000087 argmax 57838
 57838[nll] #2926 tok 73314: 0.000083 argmax 73314
 73314[nll] #2927 tok 13: 0.459593 argmax 13
 13[nll] #2928 tok 10342: 0.361299 argmax 10342
 10342[nll] #2929 tok 4528: 0.006043 argmax 4528
 4528[nll] #2930 tok 457: 0.014015 argmax 457
 457[nll] #2931 tok 28: 0.004641 argmax 28
 28[nll] #2932 tok 17: 0.001396 argmax 17
 17[nll] #2933 tok 82: 0.000005 argmax 82
 82[nll] #2934 tok 10: 0.000002 argmax 10
 10[nll] #2935 tok 20: 0.000016 argmax 20
 20[nll] #2936 tok 76: 0.000019 argmax 76
 76[nll] #2937 tok 10: 0.000007 argmax 10
 10[nll] #2938 tok 16: 0.000024 argmax 16
 16[nll] #2939 tok 16: 0.000014 argmax 16
 16[nll] #2940 tok 75: 0.000025 argmax 75
 75[nll] #2941 tok 13: 0.002310 argmax 13
 13[nll] #2942 tok 198: 0.385425 argmax 198
 198[nll] #2943 tok 3702: 0.787291 argmax 3702
 3702[nll] #2944 tok 274: 0.019830 argmax 274
 274[nll] #2945 tok 9628: 0.249487 argmax 9628
 9628[nll] #2946 tok 17: 0.000001 argmax 17
 17[nll] #2947 tok 75: 0.000012 argmax 75
 75[nll] #2948 tok 11: 0.411985 argmax 11
 11[nll] #2949 tok 220: 0.640996 argmax 220
 220[nll] #2950 tok 18: 0.804232 argmax 18
 18[nll] #2951 tok 82: 0.408124 argmax 82
 82[nll] #2952 tok 9628: 0.461845 argmax 9628
 9628[nll] #2953 tok 21: 0.015840 argmax 21
 21[nll] #2954 tok 75: 0.000106 argmax 75
 75[nll] #2955 tok 11: 1.017032 argmax 11
 11[nll] #2956 tok 748: 0.121608 argmax 748
 748[nll] #2957 tok 220: 0.512217 argmax 220
 220[nll] #2958 tok 20: 0.411847 argmax 20
 20[nll] #2959 tok 33: 0.048086 argmax 33
 33[nll] #2960 tok 12630: 0.307883 argmax 12630
 12630[nll] #2961 tok 283: 0.635697 argmax 283
 283[nll] #2962 tok 220: 0.246460 argmax 220
 220[nll] #2963 tok 18: 0.560579 argmax 18
 18[nll] #2964 tok 82: 0.327107 argmax 82
 82[nll] #2965 tok 12: 0.116476 argmax 12
 12[nll] #2966 tok 21: 0.000223 argmax 21
 21[nll] #2967 tok 75: 0.000013 argmax 75
 75[nll] #2968 tok 283: 0.549386 argmax 283
 283[nll] #2969 tok 18: 0.464147 argmax 18
 18[nll] #2970 tok 1104: 0.000016 argmax 1104
 1104[nll] #2971 tok 12: 0.000009 argmax 12
 12[nll] #2972 tok 17: 0.000002 argmax 17
 17[nll] #2973 tok 75: 0.000011 argmax 75
 75[nll] #2974 tok 64649: 0.229868 argmax 64649
 64649[nll] #2975 tok 15: 0.000004 argmax 15
 15[nll] #2976 tok 13: 0.402584 argmax 13
 13[nll] #2977 tok 13891: 0.851187 argmax 13891
 13891[nll] #2978 tok 457: 0.000413 argmax 457
 457[nll] #2979 tok 7946: 0.638836 argmax 7946
 7946[nll] #2980 tok 20: 0.000018 argmax 20
 20[nll] #2981 tok 33: 0.000011 argmax 33
 33[nll] #2982 tok 7946: 0.717226 argmax 7946
 7946[nll] #2983 tok 20: 0.199280 argmax 20
 20[nll] #2984 tok 9: 0.000243 argmax 9
 9[nll] #2985 tok 21: 0.000004 argmax 21
 21[nll] #2986 tok 15: 0.000003 argmax 15
 15[nll] #2987 tok 28: 0.000008 argmax 28
 28[nll] #2988 tok 18: 0.000003 argmax 18
 18[nll] #2989 tok 15: 0.000000 argmax 15
 15[nll] #2990 tok 15: 0.000001 argmax 15
 15[nll] #2991 tok 13: 0.001110 argmax 13
 13[nll] #2992 tok 198: 0.227960 argmax 198
 198[nll] #2993 tok 49038: 0.399801 argmax 49038
 49038[nll] #2994 tok 7225: 0.423242 argmax 7225
 7225[nll] #2995 tok 417: 0.008441 argmax 417
 417[nll] #2996 tok 28: 0.000008 argmax 28
 28[nll] #2997 tok 21: 0.000006 argmax 21
 21[nll] #2998 tok 15: 0.000000 argmax 15
 15[nll] #2999 tok 321: 0.002022 argmax 321
 321[nll] #3000 tok 274: 0.000058 argmax 274
 274

decode: 3000 tokens in 170.66 s  (17.58 tok/s), n_past=3134
cached graph replays: 58548; per replay alloc 0 us, launch 18 us, wait 782 us
step profile: eval 146.70 s = pre 2.76 + graphA 47.28 + CPU MoE 53.94 + io 33.58 + head 2.16 + rest 6.97 | draft head 12.45 s
replay NLL: 0.3714 per token (ppl 1.45) over 3000 tokens
layer-0 speculation: 1220 calls, 0.61 ms each
head split: dense half 1.67 s | CPU experts + transfers 7.80 s | second half + LM head + argmax 2.96 s
expert cache: 98.0% hit, 85.9% from VRAM, 216.18 GB from disk
              tiers: 114804 promotions, 105476 RAM evictions, 0 cold-file reads, 0 upgrades
              RAM tier at end: 11258 slots = 11258 hot + 0 cold (0 of them hot-worthy) + 0 empty; 1454 prefetched unused, 1 in flight; 0 experts marked hot-worthy
decode split: graphA(GPU) 47.28 s | MoE gpu 0.61 s (1163464 experts, sync-wait 0.00 s) | MoE cpu 53.94 s (189649 experts) | io 39.84 s
              per expert: gpu 1 us, cpu 284 us  (541.9x)
              graphA per decode layer: recurrent 756 us (x43956), attention 935 us (x14652) [attention: build+alloc 0 us, gpu 0 us; per-token inputs 44 us]
prefetch: 76.2% of the next layer's experts predicted correctly | 80391 issued, 61635 used (76.7%), 17302 wasted
verify steps by drafts kept: 0:230 1:203 2:788  (tokens per step 2.46)
speculative: 1221 pair steps, 1779 accepted (145.7%), 0 single steps, 433 rollbacks (0.417 s), head 12.45 s
mtp draft: 0 decode drafts scored, 0 accepted (0.0%), top-3 0.0% | prompt: 132 scored, 53.0% accepted | 12.45 s in the head
prediction by rank, precision %: r1 98 r2 95 r3 92 r4 89 r5 84 r6 78 r7 70 r8 62 r9 52 r10 42 r11 32 r12 24 r13 19 r14 15 r15 13 r16 10
prediction by margin [edge+) P(correct)% / share%: [0) 33/18.9 [0.05) 33/16.8 [0.1) 39/21.7 [0.2) 56/11.6 [0.3) 79/12.2 [0.5) 95/8.3 [0.75) 98/5.0 [1) 99/4.4 [1.5) 100/0.9 [2) 98/0.2 [3) 32/0.0 [5) 0/0.0
prediction by layer, worst 10: L1 41 L47 48 L31 49 L15 53 L3 55 L37 69 L6 71 L45 71 L2 72 L39 72  | best: L40 90
io breakdown: submit 0.59 s, promote 0.81 s, wait 32.16 s | 17878 bursts, 112263 reads, 6.3 reads/burst, 1881 KiB/read
             wait-only bandwidth: 6.72 GB/s   (device peak measured 7.0 GB/s)
             io_engine: backend=threads, O_DIRECT=1, 112263 reads, 67.37 GB actually read, prep 0.27 s, io_uring_submit 0.00 s
engine time: prefill 7.70 s / 134 tok, decode 146.70 s / 3663 tok, expert io 39.84 s
wall 197.02 s maxrss 24966556 KB
