[qwfn] direct I/O: 512-byte slots, page-aligned reads through a bounce buffer (slice strides are not page multiples)
ggml_cuda_init: found 1 CUDA devices (Total VRAM: 15847 MiB):
  Device 0: NVIDIA GeForce RTX 5060 Ti, compute capability 12.0, VMM: yes, VRAM: 15847 MiB
[qwfn] mtp: nextn block 48 of /home/thomas/models/qwen38-flash-next/MTP/mtp-Qwen3.8-Flash-Next-shared-Q8_0.gguf: 0.10 GB on CUDA0, its 2673 MB of experts in host memory (computed on the CPU per draft)
[qwfn] prefetch: speculative block on (47 of 47 predicted layers), margin gate off
[qwfn] decode QSA state: 57.5 MB (pooled block keys for 18432 blocks, 513 kept)
[qwfn] prefill VRAM (dynamic, lent by the expert tier): 7.66 GB; decode reserve 1153 MB
ggml_backend_cuda_buffer_type_alloc_buffer: allocating 12495.74 MiB on device 0: cudaMalloc failed: out of memory
ggml_backend_cuda_buffer_type_alloc_buffer: allocating 11991.03 MiB on device 0: cudaMalloc failed: out of memory
ggml_backend_cuda_buffer_type_alloc_buffer: allocating 11501.90 MiB on device 0: cudaMalloc failed: out of memory
ggml_backend_cuda_buffer_type_alloc_buffer: allocating 11055.66 MiB on device 0: cudaMalloc failed: out of memory
ggml_backend_cuda_buffer_type_alloc_buffer: allocating 10625.97 MiB on device 0: cudaMalloc failed: out of memory
ggml_backend_cuda_buffer_type_alloc_buffer: allocating 10209.24 MiB on device 0: cudaMalloc failed: out of memory
[qwfn] expert VRAM tier: 9.12 GB, 5431 blocks (22.1%), of which 41 layers (7428 MiB) are handed to the prefill
[qwfn] expert RAM tier: 8.98 GB arena (pinned), 5337 of 24576 expert blocks (21.7%)
[qwfn] prefill streamer: host 2 x 1.19 GB (pinned), device 1.19 GB (device, allocated per prefill), 16 MB chunks, read-ahead on
[nll] #1 tok 1596: 0.000038 argmax 1596
dense core 3.84271 GB on CUDA0 | state @ 73728 ctx: KV 0.962593 GB (q8_0), indexer 0.226492 GB, deltanet 113.246 MB (constant), conv 4.79232 MB  =>  total 1.30712 GB on the device | expert cache 5337 RAM blocks, 5431 VRAM blocks

prefill: 134 tokens in 8.47 s  (15.8 tok/s)
replaying: 1596[nll] #2 tok 1144: 0.000065 argmax 1144
 1144[nll] #3 tok 4087: 0.692219 argmax 4087
 4087[nll] #4 tok 6673: 0.293049 argmax 6673
 6673[nll] #5 tok 24460: 0.059735 argmax 24460
 24460[nll] #6 tok 13: 0.052147 argmax 13
 13[nll] #7 tok 14235: 0.318309 argmax 14235
 14235[nll] #8 tok 11290: 0.518931 argmax 11290
 11290[nll] #9 tok 15060: 0.161240 argmax 15060
 15060[nll] #10 tok 13: 0.036629 argmax 13
 13[nll] #11 tok 21397: 0.418605 argmax 21397
 21397[nll] #12 tok 25: 0.000906 argmax 25
 25[nll] #13 tok 14273: 0.699095 argmax 14273
 14273[nll] #14 tok 13914: 0.570240 argmax 13914
 13914[nll] #15 tok 220: 0.490134 argmax 220
 220[nll] #16 tok 17: 0.000173 argmax 17
 17[nll] #17 tok 11: 0.034985 argmax 11
 11[nll] #18 tok 20: 0.002957 argmax 20
 20[nll] #19 tok 11: 0.000021 argmax 11
 11[nll] #20 tok 16: 0.000022 argmax 16
 16[nll] #21 tok 16: 0.000025 argmax 16
 16[nll] #22 tok 20332: 0.198283 argmax 20332
 20332[nll] #23 tok 13: 0.071729 argmax 13
 13[nll] #24 tok 32569: 0.163622 argmax 32569
 32569[nll] #25 tok 1866: 1.175147 argmax 1866
 1866[nll] #26 tok 220: 0.413954 argmax 220
 220[nll] #27 tok 19: 0.001302 argmax 19
 19[nll] #28 tok 15: 0.000058 argmax 15
 15[nll] #29 tok 15: 0.000013 argmax 15
 15[nll] #30 tok 20332: 0.023679 argmax 20332
 20332[nll] #31 tok 321: 0.291468 argmax 321
 321[nll] #32 tok 1866: 0.254709 argmax 1866
 1866[nll] #33 tok 220: 0.000367 argmax 220
 220[nll] #34 tok 21: 0.000013 argmax 21
 21[nll] #35 tok 15: 0.000003 argmax 15
 15[nll] #36 tok 14273: 0.000023 argmax 14273
 14273[nll] #37 tok 13: 0.000761 argmax 13
 13[nll] #38 tok 1369: 0.965285 argmax 1369
 1369[nll] #39 tok 5234: 0.000041 argmax 5234
 5234[nll] #40 tok 1902: 0.285763 argmax 1902
 1902[nll] #41 tok 6435: 0.002806 argmax 6435
 6435[nll] #42 tok 506: 0.000628 argmax 506
 506[nll] #43 tok 3140: 0.000056 argmax 3140
 3140[nll] #44 tok 10598: 0.000043 argmax 10598
 10598[nll] #45 tok 430: 0.000177 argmax 430
 430[nll] #46 tok 1599: 0.000140 argmax 1599
 1599[nll] #47 tok 2526: 0.000044 argmax 2526
 2526[nll] #48 tok 14273: 0.322631 argmax 14273
 14273[nll] #49 tok 430: 0.000076 argmax 430
 430[nll] #50 tok 3349: 0.000024 argmax 3349
 3349[nll] #51 tok 5981: 0.014120 argmax 5981
 5981[nll] #52 tok 13: 0.222222 argmax 13
 13[nll] #53 tok 14235: 0.831359 argmax 14235
 14235[nll] #54 tok 7526: 0.015805 argmax 7526
 7526[nll] #55 tok 2702: 0.000324 argmax 2702
 2702[nll] #56 tok 4528: 0.000109 argmax 4528
 4528[nll] #57 tok 3074: 0.492901 argmax 3074
 3074[nll] #58 tok 10538: 0.000399 argmax 10538
 10538[nll] #59 tok 628: 0.018499 argmax 628
 628[nll] #60 tok 6564: 0.001124 argmax 6564
 6564[nll] #61 tok 11: 0.688212 argmax 11
 11[nll] #62 tok 1420: 0.799549 argmax 1420
 1420[nll] #63 tok 31626: 0.001096 argmax 31626
 31626[nll] #64 tok 321: 0.691651 argmax 321
 321[nll] #65 tok 14159: 0.015439 argmax 14159
 14159[nll] #66 tok 13: 0.150068 argmax 13
 13[nll] #67 tok 271: 0.381364 argmax 271
 271[nll] #68 tok 9764: 0.945078 argmax 9764
 9764[nll] #69 tok 274: 0.730260 argmax 274
 274[nll] #70 tok 12709: 0.174814 argmax 12709
 12709[nll] #71 tok 21518: 0.002033 argmax 21518
 21518[nll] #72 tok 2397: 0.422110 argmax 2397
 2397[nll] #73 tok 40823: 0.000432 argmax 40823
 40823[nll] #74 tok 24959: 0.004453 argmax 24959
 24959[nll] #75 tok 30: 0.544830 argmax 30
 30[nll] #76 tok 4222: 1.261066 argmax 4222
 4222[nll] #77 tok 14159: 0.742499 argmax 14159
 14159[nll] #78 tok 13: 0.591361 argmax 13
 13[nll] #79 tok 84457: 0.530382 argmax 84457
 84457[nll] #80 tok 25: 0.019376 argmax 25
 25[nll] #81 tok 198: 0.751305 argmax 198
 198[nll] #82 tok 82: 0.526289 argmax 82
 82[nll] #83 tok 478: 0.351932 argmax 478
 478[nll] #84 tok 295: 0.005630 argmax 295
 295[nll] #85 tok 478: 0.000064 argmax 478
 478[nll] #86 tok 324: 0.000054 argmax 324
 324[nll] #87 tok 2564: 0.011517 argmax 2564
 2564[nll] #88 tok 220: 0.036199 argmax 220
 220[nll] #89 tok 21: 0.000073 argmax 21
 21[nll] #90 tok 15: 0.000022 argmax 15
 15[nll] #91 tok 198: 0.362168 argmax 198
 198[nll] #92 tok 17: 0.007460 argmax 17
 17[nll] #93 tok 82: 0.000443 argmax 82
 82[nll] #94 tok 478: 0.036030 argmax 478
 478[nll] #95 tok 220: 0.394878 argmax 220
 220[nll] #96 tok 20: 0.000183 argmax 20
 20[nll] #97 tok 76: 0.000034 argmax 76
 76[nll] #98 tok 478: 0.000020 argmax 478
 478[nll] #99 tok 220: 0.017206 argmax 220
 220[nll] #100 tok 16: 0.000052 argmax 16
 16[nll] #101 tok 16: 0.000027 argmax 16
 16[nll] #102 tok 75: 0.000082 argmax 75
 75[nll] #103 tok 2564: 0.000118 argmax 2564
 2564[nll] #104 tok 220: 0.028622 argmax 220
 220[nll] #105 tok 19: 0.000018 argmax 19
 19[nll] #106 tok 15: 0.000001 argmax 15
 15[nll] #107 tok 15: 0.000051 argmax 15
 15[nll] #108 tok 198: 0.004790 argmax 198
 198[nll] #109 tok 82: 0.005735 argmax 82
 82[nll] #110 tok 2518: 0.000481 argmax 2518
 2518[nll] #111 tok 220: 0.000069 argmax 220
 220[nll] #112 tok 17: 0.000027 argmax 17
 17[nll] #113 tok 75: 0.015428 argmax 75
 75[nll] #114 tok 198: 0.737413 argmax 198
 198[nll] #115 tok 5786: 0.263555 argmax 5786
 5786[nll] #116 tok 11514: 0.082812 argmax 11514
 11514[nll] #117 tok 457: 0.047644 argmax 457
 457[nll] #118 tok 28: 0.626389 argmax 28
 28[nll] #119 tok 17: 0.000173 argmax 17
 17[nll] #120 tok 82: 0.000019 argmax 82
 82[nll] #121 tok 10: 0.000299 argmax 10
 10[nll] #122 tok 20: 0.000218 argmax 20
 20[nll] #123 tok 76: 0.000029 argmax 76
 76[nll] #124 tok 10: 0.000856 argmax 10
 10[nll] #125 tok 16: 0.000470 argmax 16
 16[nll] #126 tok 16: 0.000216 argmax 16
 16[nll] #127 tok 75: 0.000240 argmax 75
 75[nll] #128 tok 13: 0.163853 argmax 13
 13[nll] #129 tok 271: 0.236110 argmax 271
 271[nll] #130 tok 22916: 0.823699 argmax 22916
 22916[nll] #131 tok 7308: 1.248027 argmax 7308
 7308[nll] #132 tok 6093: 1.458850 argmax 6093
 6093[nll] #133 tok 13: 0.035116 argmax 13
 13[nll] #134 tok 8439: 1.119252 argmax 8439
 8439[nll] #135 tok 13914: 1.057573 argmax 13914
 13914[nll] #136 tok 6572: 0.379099 argmax 6572
 6572[nll] #137 tok 11: 0.239312 argmax 11
 11[nll] #138 tok 4222: 1.054710 argmax 4222
 4222[nll] #139 tok 958: 0.985626 argmax 958
 958[nll] #140 tok 1866: 1.400806 argmax 1866
 1866[nll] #141 tok 4528: 1.051109 argmax 4528
 4528[nll] #142 tok 20908: 1.326261 argmax 20908
 20908[nll] #143 tok 6970: 1.182726 argmax 6970
 6970[nll] #144 tok 220: 0.914332 argmax 220
 220[nll] #145 tok 19: 0.010818 argmax 19
 19[nll] #146 tok 15: 0.000057 argmax 15
 15[nll] #147 tok 15: 0.000138 argmax 15
 15[nll] #148 tok 6681: 1.440884 argmax 6681
 6681[nll] #149 tok 30: 0.665371 argmax 30
 30[nll] #150 tok 1921: 0.777109 argmax 1921
 1921[nll] #151 tok 3618: 0.642632 argmax 3618
 3618[nll] #152 tok 1698: 0.372564 argmax 1698
 1698[nll] #153 tok 20908: 1.112904 argmax 20908
 20908[nll] #154 tok 1189: 0.848173 argmax 1189
 1189[nll] #155 tok 3798: 1.308918 argmax 3798
 3798[nll] #156 tok 13: 0.234786 argmax 13
 13[nll] #157 tok 14235: 0.244820 argmax 14235
 14235[nll] #158 tok 33363: 0.475852 argmax 33363
 33363[nll] #159 tok 4528: 0.541470 argmax 4528
 4528[nll] #160 tok 13: 1.188818 argmax 13
 13[nll] #161 tok 19670: 1.990134 argmax 19670
 19670[nll] #162 tok 14273: 0.333723 argmax 14273
 14273[nll] #163 tok 8545: 1.051054 argmax 8545
 8545[nll] #164 tok 694: 0.703967 argmax 694
 694[nll] #165 tok 1325: 0.770442 argmax 1325
 1325[nll] #166 tok 2526: 0.401662 argmax 2526
 2526[nll] #167 tok 14273: 0.291238 argmax 14273
 14273[nll] #168 tok 13: 1.268086 argmax 13
 13[nll] #169 tok 23587: 1.014816 argmax 23587
 23587[nll] #170 tok 4528: 1.374027 argmax 4528
 4528[nll] #171 tok 220: 0.669667 argmax 220
 220[nll] #172 tok 20: 0.004094 argmax 20
 20[nll] #173 tok 13: 0.939587 argmax 13
 13[nll] #174 tok 14235: 1.141720 argmax 14235
 14235[nll] #175 tok 28476: 1.272946 argmax 28476
 28476[nll] #176 tok 13: 0.505046 argmax 13
 13[nll] #177 tok 271: 0.243664 argmax 271
 271[nll] #178 tok 1596: 0.991220 argmax 1596
 1596[nll] #179 tok 628: 0.132589 argmax 628
 628[nll] #180 tok 85802: 0.755074 argmax 85802
 85802[nll] #181 tok 13: 0.150457 argmax 13
 13[nll] #182 tok 6558: 1.179365 argmax 6558
 6558[nll] #183 tok 274: 0.602479 argmax 274
 274[nll] #184 tok 2518: 1.126719 argmax 2518
 2518[nll] #185 tok 220: 0.251949 argmax 220
 220[nll] #186 tok 17: 0.000132 argmax 17
 17[nll] #187 tok 75: 0.000988 argmax 75
 75[nll] #188 tok 13: 0.093939 argmax 13
 13[nll] #189 tok 1690: 0.952330 argmax 1690
 1690[nll] #190 tok 8097: 0.577943 argmax 8097
 8097[nll] #191 tok 324: 0.039559 argmax 324
 324[nll] #192 tok 11: 0.708254 argmax 11
 11[nll] #193 tok 310: 1.125145 argmax 310
 310[nll] #194 tok 33363: 0.014595 argmax 33363
 33363[nll] #195 tok 4528: 0.008962 argmax 4528
 4528[nll] #196 tok 1172: 0.754163 argmax 1172
 1172[nll] #197 tok 1698: 0.965131 argmax 1698
 1698[nll] #198 tok 321: 0.429810 argmax 321
 321[nll] #199 tok 4528: 0.024647 argmax 4528
 4528[nll] #200 tok 16484: 0.757779 argmax 16484
 16484[nll] #201 tok 11: 0.918969 argmax 11
 11[nll] #202 tok 4992: 0.853836 argmax 4992
 4992[nll] #203 tok 430: 1.403998 argmax 430
 430[nll] #204 tok 1599: 0.026074 argmax 1599
 1599[nll] #205 tok 8545: 0.474906 argmax 8545
 8545[nll] #206 tok 14273: 0.769304 argmax 14273
 14273[nll] #207 tok 430: 0.473102 argmax 430
 430[nll] #208 tok 3102: 0.051120 argmax 3102
 3102[nll] #209 tok 30: 0.772757 argmax 30
 30[nll] #210 tok 1921: 0.882288 argmax 1921
 1921[nll] #211 tok 2526: 0.925155 argmax 2526
 2526[nll] #212 tok 2483: 1.130606 argmax 14273
 2483[nll] #213 tok 13: 0.515329 argmax 13
 13[nll] #214 tok 6558: 1.621095 argmax 6558
 6558[nll] #215 tok 579: 0.161479 argmax 579
 579[nll] #216 tok 22903: 0.846508 argmax 22903
 22903[nll] #217 tok 13: 0.063057 argmax 13
 13[nll] #218 tok 271: 0.040577 argmax 271
 271[nll] #219 tok 7354: 1.120969 argmax 7354
 7354[nll] #220 tok 14273: 0.764672 argmax 14273
 14273[nll] #221 tok 307: 1.252685 argmax 443
 307[nll] #222 tok 283: 1.029734 argmax 283
 283[nll] #223 tok 274: 0.005382 argmax 274
 274[nll] #224 tok 57838: 0.016464 argmax 57838
 57838[nll] #225 tok 73314: 0.000547 argmax 73314
 73314[nll] #226 tok 2564: 0.051535 argmax 2564
 2564[nll] #227 tok 21: 0.159351 argmax 21
 21[nll] #228 tok 15: 0.000005 argmax 15
 15[nll] #229 tok 13: 0.040920 argmax 13
 13[nll] #230 tok 16030: 0.464202 argmax 16030
 16030[nll] #231 tok 457: 0.524939 argmax 457
 457[nll] #232 tok 13: 0.644378 argmax 13
 13[nll] #233 tok 1690: 2.085257 argmax 8439
 1690[nll] #234 tok 8097: 0.774613 argmax 8097
 8097[nll] #235 tok 324: 0.244237 argmax 324
 324[nll] #236 tok 321: 0.559783 argmax 321
 321[nll] #237 tok 274: 0.579815 argmax 274
 274[nll] #238 tok 11: 1.240988 argmax 11
 11[nll] #239 tok 9376: 1.226464 argmax 9376
 9376[nll] #240 tok 8390: 1.245939 argmax 1698
 8390[nll] #241 tok 14273: 0.707410 argmax 14273
 14273[nll] #242 tok 283: 1.316862 argmax 283
 283[nll] #243 tok 220: 0.312948 argmax 220
 220[nll] #244 tok 21: 0.000925 argmax 21
 21[nll] #245 tok 15: 0.000414 argmax 15
 15[nll] #246 tok 471: 0.339652 argmax 471
 471[nll] #247 tok 274: 0.106137 argmax 274
 274[nll] #248 tok 471: 0.003802 argmax 471
 471[nll] #249 tok 324: 0.000513 argmax 324
 324[nll] #250 tok 11: 0.792572 argmax 11
 11[nll] #251 tok 4528: 0.925376 argmax 4528
 4528[nll] #252 tok 8390: 0.248646 argmax 8390
 8390[nll] #253 tok 283: 0.188130 argmax 283
 283[nll] #254 tok 220: 0.352615 argmax 220
 220[nll] #255 tok 19: 0.000127 argmax 19
 19[nll] #256 tok 15: 0.000015 argmax 15
 15[nll] #257 tok 15: 0.000011 argmax 15
 15[nll] #258 tok 471: 0.008583 argmax 471
 471[nll] #259 tok 220: 0.164085 argmax 220
 220[nll] #260 tok 17: 0.000323 argmax 17
 17[nll] #261 tok 82: 0.000022 argmax 82
 82[nll] #262 tok 471: 0.000782 argmax 471
 471[nll] #263 tok 220: 0.449167 argmax 220
 220[nll] #264 tok 16: 0.000051 argmax 16
 16[nll] #265 tok 16: 0.000026 argmax 16
 16[nll] #266 tok 75: 0.000188 argmax 75
 75[nll] #267 tok 13: 0.074064 argmax 13
 13[nll] #268 tok 23587: 1.501614 argmax 23587
 23587[nll] #269 tok 14273: 1.050743 argmax 14273
 14273[nll] #270 tok 4528: 1.358506 argmax 4528
 4528[nll] #271 tok 220: 0.052592 argmax 220
 220[nll] #272 tok 20: 0.000781 argmax 20
 20[nll] #273 tok 11: 1.203403 argmax 11
 11[nll] #274 tok 1698: 0.812204 argmax 1698
 1698[nll] #275 tok 220: 0.596526 argmax 220
 220[nll] #276 tok 16: 0.015349 argmax 16
 16[nll] #277 tok 13: 0.242528 argmax 13
 13[nll] #278 tok 1946: 1.444558 argmax 1946
 1946[nll] #279 tok 33363: 0.064013 argmax 33363
 33363[nll] #280 tok 4528: 0.429426 argmax 4528
 4528[nll] #281 tok 11: 0.883556 argmax 11
 11[nll] #282 tok 4990: 0.847154 argmax 4990
 4990[nll] #283 tok 9376: 0.657875 argmax 9376
 9376[nll] #284 tok 440: 0.862443 argmax 440
 440[nll] #285 tok 10728: 0.351180 argmax 10728
 10728[nll] #286 tok 413: 0.453762 argmax 413
 413[nll] #287 tok 3102: 0.884856 argmax 3102
 3102[nll] #288 tok 11: 0.872975 argmax 11
 11[nll] #289 tok 694: 0.390622 argmax 694
 694[nll] #290 tok 4528: 1.063976 argmax 4528
 4528[nll] #291 tok 20908: 0.967991 argmax 20908
 20908[nll] #292 tok 1189: 0.521098 argmax 1189
 1189[nll] #293 tok 10403: 0.996938 argmax 10403
 10403[nll] #294 tok 13: 0.183925 argmax 13
 13[nll] #295 tok 8439: 0.801470 argmax 8439
 8439[nll] #296 tok 10728: 0.203497 argmax 10728
 10728[nll] #297 tok 4528: 1.121744 argmax 4528
 4528[nll] #298 tok 791: 0.597059 argmax 791
 791[nll] #299 tok 3618: 0.057262 argmax 3618
 3618[nll] #300 tok 220: 0.119995 argmax 220
 220[nll] #301 tok 20: 0.000367 argmax 20
 20[nll] #302 tok 11: 0.578182 argmax 11
 11[nll] #303 tok 2526: 0.597225 argmax 2526
 2526[nll] #304 tok 220: 0.086739 argmax 220
 220[nll] #305 tok 17: 0.000501 argmax 17
 17[nll] #306 tok 11: 0.142021 argmax 11
 11[nll] #307 tok 3349: 0.003657 argmax 3349
 3349[nll] #308 tok 220: 0.006831 argmax 220
 220[nll] #309 tok 16: 0.000124 argmax 16
 16[nll] #310 tok 16: 0.000615 argmax 16
 16[nll] #311 tok 13: 0.377128 argmax 13
 13[nll] #312 tok 19670: 1.124496 argmax 19670
 19670[nll] #313 tok 682: 1.485577 argmax 682
 682[nll] #314 tok 1496: 0.685001 argmax 1496
 1496[nll] #315 tok 4528: 0.185719 argmax 4528
 4528[nll] #316 tok 791: 0.690184 argmax 791
 791[nll] #317 tok 3618: 0.054310 argmax 3618
 3618[nll] #318 tok 694: 0.264475 argmax 694
 694[nll] #319 tok 7225: 0.605550 argmax 7225
 7225[nll] #320 tok 2526: 0.525453 argmax 2526
 2526[nll] #321 tok 13: 0.935813 argmax 13
 13[nll] #322 tok 14235: 1.330131 argmax 14235
 14235[nll] #323 tok 7308: 2.100928 argmax 7308
 7308[nll] #324 tok 13: 0.242836 argmax 13
 13[nll] #325 tok 271: 0.035870 argmax 271
 271[nll] #326 tok 12525: 1.183528 argmax 12525
 12525[nll] #327 tok 11290: 1.446328 argmax 11290
 11290[nll] #328 tok 4417: 0.572203 argmax 4417
 4417[nll] #329 tok 13094: 1.122419 argmax 13094
 13094[nll] #330 tok 15019: 0.127887 argmax 15019
 15019[nll] #331 tok 14: 0.914285 argmax 14
 14[nll] #332 tok 11326: 0.121625 argmax 11326
 11326[nll] #333 tok 13: 0.129540 argmax 13
 13[nll] #334 tok 6558: 0.833875 argmax 6558
 6558[nll] #335 tok 579: 0.224644 argmax 579
 579[nll] #336 tok 41020: 0.868580 argmax 41020
 41020[nll] #337 tok 13: 0.214339 argmax 13
 13[nll] #338 tok 271: 0.176502 argmax 271
 271[nll] #339 tok 9764: 1.590116 argmax 9764
 9764[nll] #340 tok 274: 0.843952 argmax 274
 274[nll] #341 tok 283: 0.717046 argmax 283
 283[nll] #342 tok 220: 0.008252 argmax 220
 220[nll] #343 tok 17: 0.000083 argmax 17
 17[nll] #344 tok 75: 0.000056 argmax 75
 75[nll] #345 tok 478: 0.000218 argmax 478
 478[nll] #346 tok 830: 0.736846 argmax 830
 830[nll] #347 tok 11: 0.179865 argmax 11
 11[nll] #348 tok 830: 0.002973 argmax 830
 830[nll] #349 tok 9628: 0.397784 argmax 9628
 9628[nll] #350 tok 15: 0.000047 argmax 15
 15[nll] #351 tok 7308: 0.409999 argmax 7308
 7308[nll] #352 tok 13: 0.206065 argmax 13
 13[nll] #353 tok 4844: 0.385875 argmax 4844
 4844[nll] #354 tok 16484: 1.142944 argmax 16484
 16484[nll] #355 tok 25: 0.002473 argmax 25
 25[nll] #356 tok 198: 0.038675 argmax 198
 198[nll] #357 tok 7: 0.956206 argmax 7
 7[nll] #358 tok 17: 0.028623 argmax 17
 17[nll] #359 tok 75: 0.002309 argmax 75
 75[nll] #360 tok 36641: 0.010188 argmax 36641
 36641[nll] #361 tok 7030: 0.060447 argmax 7030
 7030[nll] #362 tok 76: 0.002163 argmax 76
 76[nll] #363 tok 73314: 0.000407 argmax 73314
 73314[nll] #364 tok 283: 0.304118 argmax 283
 283[nll] #365 tok 220: 0.940387 argmax 220
 220[nll] #366 tok 18: 0.000615 argmax 18
 18[nll] #367 tok 75: 0.000070 argmax 75
 75[nll] #368 tok 478: 0.134071 argmax 478
 478[nll] #369 tok 830: 0.105276 argmax 830
 830[nll] #370 tok 478: 0.000068 argmax 478
 478[nll] #371 tok 295: 0.000046 argmax 295
 295[nll] #372 tok 2564: 0.000074 argmax 2564
 2564[nll] #373 tok 21: 0.597666 argmax 21
 21[nll] #374 tok 15: 0.000003 argmax 15
 15[nll] #375 tok 574: 0.808079 argmax 574
 574[nll] #376 tok 295: 0.052337 argmax 295
 295[nll] #377 tok 2564: 0.012431 argmax 2564
 2564[nll] #378 tok 220: 0.301174 argmax 220
 220[nll] #379 tok 21: 0.002702 argmax 21
 21[nll] #380 tok 15: 0.000038 argmax 15
 15[nll] #381 tok 471: 0.041723 argmax 471
 471[nll] #382 tok 220: 0.384912 argmax 220
 220[nll] #383 tok 18: 0.000034 argmax 18
 18[nll] #384 tok 75: 0.000003 argmax 75
 75[nll] #385 tok 471: 0.000009 argmax 471
 471[nll] #386 tok 830: 0.000223 argmax 830
 830[nll] #387 tok 13: 0.115371 argmax 13
 13[nll] #388 tok 198: 0.024889 argmax 198
 198[nll] #389 tok 8037: 0.077395 argmax 8037
 8037[nll] #390 tok 25: 0.360097 argmax 25
 25[nll] #391 tok 220: 0.005150 argmax 220
 220[nll] #392 tok 17: 0.005738 argmax 17
 17[nll] #393 tok 7: 0.005333 argmax 7
 7[nll] #394 tok 17: 0.000020 argmax 17
 17[nll] #395 tok 75: 0.000003 argmax 75
 75[nll] #396 tok 36641: 0.000082 argmax 36641
 36641[nll] #397 tok 7030: 0.006694 argmax 7030
 7030[nll] #398 tok 20: 0.020552 argmax 20
 20[nll] #399 tok 76: 0.000191 argmax 76
 76[nll] #400 tok 10: 0.000389 argmax 10
 10[nll] #401 tok 16: 0.000031 argmax 16
 16[nll] #402 tok 16: 0.000003 argmax 16
 16[nll] #403 tok 75: 0.000040 argmax 75
 75[nll] #404 tok 283: 0.005656 argmax 283
 283[nll] #405 tok 220: 0.022409 argmax 220
 220[nll] #406 tok 16: 0.228702 argmax 16
 16[nll] #407 tok 20: 0.003706 argmax 20
 20[nll] #408 tok 75: 0.000156 argmax 75
 75[nll] #409 tok 478: 0.051863 argmax 478
 478[nll] #410 tok 220: 0.054612 argmax 220
 220[nll] #411 tok 17: 0.000507 argmax 17
 17[nll] #412 tok 87: 0.000100 argmax 87
 87[nll] #413 tok 478: 0.000647 argmax 478
 478[nll] #414 tok 220: 0.670359 argmax 220
 220[nll] #415 tok 20: 0.000172 argmax 20
 20[nll] #416 tok 76: 0.000028 argmax 76
 76[nll] #417 tok 2564: 0.001485 argmax 2564
 2564[nll] #418 tok 19: 0.014426 argmax 19
 19[nll] #419 tok 15: 0.000003 argmax 15
 15[nll] #420 tok 15: 0.000006 argmax 15
 15[nll] #421 tok 13: 0.406106 argmax 13
 13[nll] #422 tok 198: 0.163910 argmax 198
 198[nll] #423 tok 5786: 0.081435 argmax 5786
 5786[nll] #424 tok 11514: 0.688132 argmax 11514
 11514[nll] #425 tok 457: 0.293530 argmax 457
 457[nll] #426 tok 283: 0.633518 argmax 283
 283[nll] #427 tok 220: 0.164217 argmax 220
 220[nll] #428 tok 16: 0.005778 argmax 16
 16[nll] #429 tok 20: 0.000449 argmax 20
 20[nll] #430 tok 75: 0.000141 argmax 75
 75[nll] #431 tok 478: 0.590292 argmax 478
 478[nll] #432 tok 220: 0.169604 argmax 220
 220[nll] #433 tok 17: 0.000064 argmax 17
 17[nll] #434 tok 87: 0.000056 argmax 87
 87[nll] #435 tok 478: 0.004960 argmax 478
 478[nll] #436 tok 220: 0.370609 argmax 220
 220[nll] #437 tok 20: 0.000042 argmax 20
 20[nll] #438 tok 76: 0.000040 argmax 76
 76[nll] #439 tok 13: 0.192887 argmax 13
 13[nll] #440 tok 271: 0.883612 argmax 271
 271[nll] #441 tok 2381: 0.566055 argmax 2381
 2381[nll] #442 tok 8097: 0.185612 argmax 8097
 8097[nll] #443 tok 324: 0.003397 argmax 324
 324[nll] #444 tok 12435: 0.357503 argmax 12435
 12435[nll] #445 tok 11: 0.026406 argmax 11
 11[nll] #446 tok 295: 1.495665 argmax 295
 295[nll] #447 tok 1866: 0.621119 argmax 1866
 1866[nll] #448 tok 283: 1.246849 argmax 283
 283[nll] #449 tok 1262: 0.009262 argmax 1262
 1262[nll] #450 tok 7: 0.010271 argmax 7
 7[nll] #451 tok 21: 0.004698 argmax 21
 21[nll] #452 tok 15: 0.000194 argmax 15
 15[nll] #453 tok 12: 0.284489 argmax 12
 12[nll] #454 tok 18: 0.000004 argmax 18
 18[nll] #455 tok 75: 0.000011 argmax 75
 75[nll] #456 tok 6354: 0.000109 argmax 6354
 6354[nll] #457 tok 11: 0.000789 argmax 11
 11[nll] #458 tok 6220: 0.001334 argmax 6220
 6220[nll] #459 tok 1148: 0.000070 argmax 1148
 1148[nll] #460 tok 19: 0.000251 argmax 19
 19[nll] #461 tok 15: 0.000032 argmax 15
 15[nll] #462 tok 15: 0.000229 argmax 15
 15[nll] #463 tok 12: 0.108350 argmax 12
 12[nll] #464 tok 16: 0.000726 argmax 16
 16[nll] #465 tok 20: 0.000075 argmax 20
 20[nll] #466 tok 75: 0.000028 argmax 75
 75[nll] #467 tok 12: 0.000131 argmax 12
 12[nll] #468 tok 17: 0.000067 argmax 17
 17[nll] #469 tok 87: 0.000011 argmax 87
 87[nll] #470 tok 5443: 0.000292 argmax 5443
 5443[nll] #471 tok 20: 0.000071 argmax 20
 20[nll] #472 tok 4430: 0.748053 argmax 4430
 4430[nll] #473 tok 457: 1.356694 argmax 457
 457[nll] #474 tok 283: 0.380685 argmax 283
 283[nll] #475 tok 220: 0.102719 argmax 220
 220[nll] #476 tok 16: 0.004232 argmax 16
 16[nll] #477 tok 20: 0.000304 argmax 20
 20[nll] #478 tok 75: 0.000028 argmax 75
 75[nll] #479 tok 10: 0.130782 argmax 10
 10[nll] #480 tok 17: 0.000016 argmax 17
 17[nll] #481 tok 87: 0.000006 argmax 87
 87[nll] #482 tok 10: 0.019090 argmax 10
 10[nll] #483 tok 20: 0.000112 argmax 20
 20[nll] #484 tok 76: 0.044284 argmax 76
 76[nll] #485 tok 13: 0.087707 argmax 13
 13[nll] #486 tok 8439: 1.420103 argmax 8439
 8439[nll] #487 tok 295: 0.672926 argmax 295
 295[nll] #488 tok 4528: 1.440039 argmax 4528
 4528[nll] #489 tok 220: 0.595377 argmax 220
 220[nll] #490 tok 20: 0.000617 argmax 20
 20[nll] #491 tok 11: 0.875439 argmax 11
 11[nll] #492 tok 413: 0.854501 argmax 413
 413[nll] #493 tok 4528: 0.815527 argmax 4528
 4528[nll] #494 tok 20908: 0.540294 argmax 20908
 20908[nll] #495 tok 524: 0.621428 argmax 524
 524[nll] #496 tok 10649: 0.193259 argmax 10649
 10649[nll] #497 tok 11: 0.489597 argmax 11
 11[nll] #498 tok 457: 1.074884 argmax 457
 457[nll] #499 tok 283: 0.749984 argmax 283
 283[nll] #500 tok 220: 0.171120 argmax 220
 220[nll] #501 tok 16: 0.101628 argmax 16
 16[nll] #502 tok 20: 0.002062 argmax 20
 20[nll] #503 tok 75: 0.000905 argmax 75
 75[nll] #504 tok 10: 0.023077 argmax 10
 10[nll] #505 tok 17: 0.000409 argmax 17
 17[nll] #506 tok 87: 0.000074 argmax 87
 87[nll] #507 tok 10: 0.008866 argmax 10
 10[nll] #508 tok 20: 0.001499 argmax 20
 20[nll] #509 tok 7: 0.049033 argmax 7
 7[nll] #510 tok 21: 0.000316 argmax 21
 21[nll] #511 tok 15: 0.000031 argmax 15
 15[nll] #512 tok 12: 0.000425 argmax 12
 12[nll] #513 tok 18: 0.000054 argmax 18
 18[nll] #514 tok 75: 0.000011 argmax 75
 75[nll] #515 tok 6354: 0.000223 argmax 6354
 6354[nll] #516 tok 11393: 0.172932 argmax 11393
 11393[nll] #517 tok 18: 0.048675 argmax 18
 18[nll] #518 tok 15: 0.001145 argmax 15
 15[nll] #519 tok 15: 0.000708 argmax 15
 15[nll] #520 tok 471: 0.601667 argmax 471
 471[nll] #521 tok 18: 0.448766 argmax 18
 18[nll] #522 tok 75: 0.058633 argmax 75
 75[nll] #523 tok 471: 0.080257 argmax 471
 471[nll] #524 tok 18: 0.028936 argmax 18
 18[nll] #525 tok 87: 0.000902 argmax 87
 87[nll] #526 tok 30: 0.059159 argmax 30
 30[nll] #527 tok 13428: 0.100769 argmax 13428
 13428[nll] #528 tok 220: 0.515134 argmax 220
 220[nll] #529 tok 16: 0.167080 argmax 16
 16[nll] #530 tok 20: 0.000176 argmax 20
 20[nll] #531 tok 75: 0.000146 argmax 75
 75[nll] #532 tok 10: 0.389883 argmax 10
 10[nll] #533 tok 17: 0.185205 argmax 17
 17[nll] #534 tok 87: 0.000065 argmax 87
 87[nll] #535 tok 10: 0.061933 argmax 10
 10[nll] #536 tok 18: 0.040983 argmax 18
 18[nll] #537 tok 15: 0.000036 argmax 15
 15[nll] #538 tok 15: 0.000025 argmax 15
 15[nll] #539 tok 12: 0.048436 argmax 12
 12[nll] #540 tok 16: 0.000307 argmax 16
 16[nll] #541 tok 20: 0.000086 argmax 20
 20[nll] #542 tok 75: 0.000067 argmax 75
 75[nll] #543 tok 12: 0.000681 argmax 12
 12[nll] #544 tok 20: 0.001961 argmax 20
 20[nll] #545 tok 87: 0.000045 argmax 87
 87[nll] #546 tok 28: 0.489066 argmax 28
 28[nll] #547 tok 18: 0.000031 argmax 18
 18[nll] #548 tok 15: 0.000018 argmax 15
 15[nll] #549 tok 15: 0.000039 argmax 15
 15[nll] #550 tok 12: 0.033814 argmax 12
 12[nll] #551 tok 18: 0.000316 argmax 18
 18[nll] #552 tok 87: 0.222522 argmax 87
 87[nll] #553 tok 13: 1.018589 argmax 13
 13[nll] #554 tok 9209: 1.342541 argmax 9209
 9209[nll] #555 tok 314: 0.281199 argmax 314
 314[nll] #556 tok 324: 0.000237 argmax 324
 324[nll] #557 tok 413: 0.999593 argmax 413
 413[nll] #558 tok 1698: 0.457412 argmax 1698
 1698[nll] #559 tok 10649: 0.374376 argmax 10649
 10649[nll] #560 tok 13: 0.667675 argmax 13
 13[nll] #561 tok 1368: 0.816137 argmax 1368
 1368[nll] #562 tok 4528: 0.334744 argmax 4528
 4528[nll] #563 tok 10649: 0.192771 argmax 10649
 10649[nll] #564 tok 11: 0.120983 argmax 11
 11[nll] #565 tok 457: 0.039681 argmax 457
 457[nll] #566 tok 28: 1.142645 argmax 28
 28[nll] #567 tok 19: 0.010620 argmax 19
 19[nll] #568 tok 15: 0.000007 argmax 15
 15[nll] #569 tok 15: 0.000020 argmax 15
 15[nll] #570 tok 13: 0.631392 argmax 13
 13[nll] #571 tok 14235: 1.440294 argmax 14235
 14235[nll] #572 tok 1436: 0.702083 argmax 1436
 1436[nll] #573 tok 413: 0.622835 argmax 413
 413[nll] #574 tok 40803: 1.165155 argmax 40803
 40803[nll] #575 tok 310: 1.560886 argmax 310
 310[nll] #576 tok 5372: 0.595220 argmax 5372
 5372[nll] #577 tok 220: 0.047513 argmax 220
 220[nll] #578 tok 19: 0.000143 argmax 19
 19[nll] #579 tok 15: 0.000001 argmax 15
 15[nll] #580 tok 15: 0.000013 argmax 15
 15[nll] #581 tok 13: 0.406640 argmax 13
 13[nll] #582 tok 271: 0.586109 argmax 271
 271[nll] #583 tok 22916: 2.040474 argmax 22916
 22916[nll] #584 tok 33363: 0.669717 argmax 33363
 33363[nll] #585 tok 457: 0.984389 argmax 457
 457[nll] #586 tok 2564: 1.015148 argmax 2564
 2564[nll] #587 tok 19: 0.152052 argmax 19
 19[nll] #588 tok 15: 0.000061 argmax 15
 15[nll] #589 tok 15: 0.000004 argmax 15
 15[nll] #590 tok 13: 0.248871 argmax 13
 13[nll] #591 tok 1368: 1.407090 argmax 1368
 1368[nll] #592 tok 40803: 1.107986 argmax 40803
 40803[nll] #593 tok 457: 0.560983 argmax 457
 457[nll] #594 tok 28: 0.000939 argmax 28
 28[nll] #595 tok 19: 0.000088 argmax 19
 19[nll] #596 tok 15: 0.000002 argmax 15
 15[nll] #597 tok 15: 0.000040 argmax 15
 15[nll] #598 tok 11: 0.767681 argmax 11
 11[nll] #599 tok 4087: 0.141957 argmax 4087
 4087[nll] #600 tok 220: 0.066932 argmax 220
 220[nll] #601 tok 19: 0.000042 argmax 19
 19[nll] #602 tok 15: 0.000001 argmax 15
 15[nll] #603 tok 15: 0.000002 argmax 15
 15[nll] #604 tok 13: 0.129875 argmax 13
 13[nll] #605 tok 14235: 0.554960 argmax 14235
 14235[nll] #606 tok 1716: 0.671727 argmax 1716
 1716[nll] #607 tok 413: 0.670638 argmax 413
 413[nll] #608 tok 1017: 1.136483 argmax 1017
 1017[nll] #609 tok 2905: 1.075100 argmax 2905
 2905[nll] #610 tok 7308: 1.354415 argmax 2397
 7308[nll] #611 tok 274: 0.469944 argmax 274
 274[nll] #612 tok 12709: 0.019414 argmax 12709
 12709[nll] #613 tok 21518: 0.000062 argmax 21518
 21518[nll] #614 tok 34860: 0.193436 argmax 34860
 34860[nll] #615 tok 16484: 0.257460 argmax 16484
 16484[nll] #616 tok 321: 0.748694 argmax 321
 321[nll] #617 tok 457: 0.720178 argmax 457
 457[nll] #618 tok 28: 0.008837 argmax 28
 28[nll] #619 tok 19: 0.000228 argmax 19
 19[nll] #620 tok 15: 0.000022 argmax 15
 15[nll] #621 tok 15: 0.000010 argmax 15
 15[nll] #622 tok 13: 0.591060 argmax 13
 13[nll] #623 tok 1368: 1.212033 argmax 1368
 1368[nll] #624 tok 9542: 0.417876 argmax 9542
 9542[nll] #625 tok 7526: 0.500645 argmax 7526
 7526[nll] #626 tok 220: 0.583172 argmax 220
 220[nll] #627 tok 19: 0.000027 argmax 19
 19[nll] #628 tok 15: 0.000001 argmax 15
 15[nll] #629 tok 15: 0.000007 argmax 15
 15[nll] #630 tok 13: 0.096791 argmax 13
 13[nll] #631 tok 1921: 1.403857 argmax 1921
 1921[nll] #632 tok 6970: 0.796147 argmax 6970
 6970[nll] #633 tok 1698: 1.307067 argmax 1698
 1698[nll] #634 tok 20908: 0.286944 argmax 20908
 20908[nll] #635 tok 27028: 0.184973 argmax 27028
 27028[nll] #636 tok 220: 0.470534 argmax 220
 220[nll] #637 tok 19: 0.000120 argmax 19
 19[nll] #638 tok 15: 0.000002 argmax 15
 15[nll] #639 tok 15: 0.000024 argmax 15
 15[nll] #640 tok 30: 0.372184 argmax 30
 30[nll] #641 tok 6558: 0.722167 argmax 6558
 6558[nll] #642 tok 579: 0.000154 argmax 579
 579[nll] #643 tok 1228: 0.825147 argmax 1228
 1228[nll] #644 tok 13: 0.045151 argmax 13
 13[nll] #645 tok 271: 0.500115 argmax 271
 271[nll] #646 tok 22916: 0.698613 argmax 22916
 22916[nll] #647 tok 457: 1.185081 argmax 457
 457[nll] #648 tok 28: 0.020041 argmax 28
 28[nll] #649 tok 19: 0.019796 argmax 19
 19[nll] #650 tok 15: 0.000026 argmax 15
 15[nll] #651 tok 15: 0.000016 argmax 15
 15[nll] #652 tok 11: 0.651601 argmax 11
 11[nll] #653 tok 274: 1.093854 argmax 14273
 274[nll] #654 tok 57838: 0.747513 argmax 9628
 57838[nll] #655 tok 73314: 0.000191 argmax 73314
 73314[nll] #656 tok 7946: 0.529700 argmax 7946
 7946[nll] #657 tok 21: 0.000029 argmax 21
 21[nll] #658 tok 15: 0.000007 argmax 15
 15[nll] #659 tok 11: 0.036390 argmax 11
 11[nll] #660 tok 274: 0.024876 argmax 274
 274[nll] #661 tok 9628: 0.002851 argmax 9628
 9628[nll] #662 tok 17: 0.000010 argmax 17
 17[nll] #663 tok 75: 0.000059 argmax 75
 75[nll] #664 tok 13: 0.111341 argmax 13
 13[nll] #665 tok 8439: 1.538614 argmax 8439
 8439[nll] #666 tok 13914: 1.427626 argmax 13914
 13914[nll] #667 tok 6572: 1.741692 argmax 6572
 6572[nll] #668 tok 11: 0.400097 argmax 11
 11[nll] #669 tok 413: 1.799422 argmax 413
 413[nll] #670 tok 457: 0.323475 argmax 457
 457[nll] #671 tok 28: 0.005176 argmax 28
 28[nll] #672 tok 19: 0.000436 argmax 19
 19[nll] #673 tok 15: 0.000001 argmax 15
 15[nll] #674 tok 15: 0.000043 argmax 15
 15[nll] #675 tok 11: 1.096421 argmax 11
 11[nll] #676 tok 5289: 0.872388 argmax 5289
 5289[nll] #677 tok 4528: 0.029743 argmax 4528
 4528[nll] #678 tok 791: 0.389752 argmax 791
 791[nll] #679 tok 3618: 0.019662 argmax 3618
 3618[nll] #680 tok 2518: 0.602618 argmax 2518
 2518[nll] #681 tok 220: 0.764753 argmax 220
 220[nll] #682 tok 19: 0.019405 argmax 19
 19[nll] #683 tok 15: 0.000018 argmax 15
 15[nll] #684 tok 15: 0.000330 argmax 15
 15[nll] #685 tok 14: 0.037414 argmax 14
 14[nll] #686 tok 21: 0.024537 argmax 21
 21[nll] #687 tok 15: 0.000051 argmax 15
 15[nll] #688 tok 28: 0.810668 argmax 283
 28[nll] #689 tok 21: 0.000158 argmax 21
 21[nll] #690 tok 13: 0.000015 argmax 13
 13[nll] #691 tok 21: 0.000019 argmax 21
 21[nll] #692 tok 21: 0.006151 argmax 21
 21[nll] #693 tok 22: 0.502796 argmax 22
 22[nll] #694 tok 13: 0.474082 argmax 13
 13[nll] #695 tok 14235: 0.556864 argmax 14235
 14235[nll] #696 tok 1599: 1.422192 argmax 1599
 1599[nll] #697 tok 3349: 0.259110 argmax 3349
 3349[nll] #698 tok 14: 0.435455 argmax 14
 14[nll] #699 tok 25252: 0.004402 argmax 25252
 25252[nll] #700 tok 13: 0.092280 argmax 13
 13[nll] #701 tok 42794: 1.995232 argmax 42794
 42794[nll] #702 tok 274: 0.422057 argmax 274
 274[nll] #703 tok 9628: 0.059726 argmax 9628
 9628[nll] #704 tok 17: 0.000103 argmax 17
 17[nll] #705 tok 75: 0.000770 argmax 75
 75[nll] #706 tok 3254: 1.916922 argmax 3254
 3254[nll] #707 tok 506: 0.940529 argmax 506
 506[nll] #708 tok 3140: 0.012906 argmax 3140
 3140[nll] #709 tok 220: 0.221931 argmax 220
 220[nll] #710 tok 17: 0.443747 argmax 17
 17[nll] #711 tok 2526: 0.127092 argmax 2526
 2526[nll] #712 tok 791: 0.219585 argmax 791
 791[nll] #713 tok 3349: 0.002897 argmax 3349
 3349[nll] #714 tok 11: 0.801094 argmax 11
 11[nll] #715 tok 5289: 1.351333 argmax 5289
 5289[nll] #716 tok 314: 1.230811 argmax 314
 314[nll] #717 tok 2526: 1.012987 argmax 2526
 2526[nll] #718 tok 10: 0.025197 argmax 10
 10[nll] #719 tok 16275: 0.006761 argmax 16275
 16275[nll] #720 tok 6505: 1.095635 argmax 6505
 6505[nll] #721 tok 25: 1.156842 argmax 25
 25[nll] #722 tok 318: 1.022096 argmax 318
 318[nll] #723 tok 17: 0.060503 argmax 17
 17[nll] #724 tok 9: 0.264111 argmax 9
 9[nll] #725 tok 17: 0.028572 argmax 17
 17[nll] #726 tok 10: 0.108898 argmax 10
 10[nll] #727 tok 16: 0.000549 argmax 16
 16[nll] #728 tok 16: 0.014996 argmax 16
 16[nll] #729 tok 5443: 0.063865 argmax 5443
 5443[nll] #730 tok 18: 0.001791 argmax 18
 18[nll] #731 tok 28: 0.224413 argmax 28
 28[nll] #732 tok 16: 0.160956 argmax 16
 16[nll] #733 tok 20: 0.000964 argmax 20
 20[nll] #734 tok 14: 0.000151 argmax 14
 14[nll] #735 tok 18: 0.000771 argmax 18
 18[nll] #736 tok 28: 0.004189 argmax 28
 28[nll] #737 tok 20: 0.000324 argmax 20
 20[nll] #738 tok 20332: 0.837562 argmax 20332
 20332[nll] #739 tok 791: 0.322212 argmax 791
 791[nll] #740 tok 3618: 0.056028 argmax 3618
 3618[nll] #741 tok 13: 0.598990 argmax 13
 13[nll] #742 tok 23587: 0.772351 argmax 23587
 23587[nll] #743 tok 220: 0.211020 argmax 220
 220[nll] #744 tok 20: 0.000440 argmax 20
 20[nll] #745 tok 13: 0.169965 argmax 13
 13[nll] #746 tok 1987: 0.615760 argmax 1987
 1987[nll] #747 tok 5289: 1.886887 argmax 5289
 5289[nll] #748 tok 1866: 1.550951 argmax 1866
 1866[nll] #749 tok 30: 0.733802 argmax 30
 30[nll] #750 tok 1368: 0.806304 argmax 1368
 1368[nll] #751 tok 660: 0.989304 argmax 660
 660[nll] #752 tok 14273: 0.903371 argmax 14273
 14273[nll] #753 tok 513: 1.170034 argmax 513
 513[nll] #754 tok 10728: 1.471121 argmax 10728
 10728[nll] #755 tok 466: 1.089255 argmax 466
 466[nll] #756 tok 2526: 1.044538 argmax 2526
 2526[nll] #757 tok 37852: 0.592351 argmax 37852
 37852[nll] #758 tok 85514: 1.820450 argmax 5038
 85514[nll] #759 tok 5289: 0.840890 argmax 5289
 5289[nll] #760 tok 220: 0.164484 argmax 220
 220[nll] #761 tok 20: 0.000941 argmax 20
 20[nll] #762 tok 13: 0.690490 argmax 13
 13[nll] #763 tok 13428: 1.828431 argmax 13428
 13428[nll] #764 tok 2526: 1.270841 argmax 2526
 2526[nll] #765 tok 10: 1.153416 argmax 10
 10[nll] #766 tok 16275: 0.158762 argmax 16275
 16275[nll] #767 tok 11013: 1.988201 argmax 11013
 11013[nll] #768 tok 506: 1.356626 argmax 506
 506[nll] #769 tok 3140: 0.027179 argmax 3140
 3140[nll] #770 tok 220: 0.030234 argmax 220
 220[nll] #771 tok 17: 0.064031 argmax 17
 17[nll] #772 tok 25: 0.177308 argmax 25
 25[nll] #773 tok 16: 0.142836 argmax 16
 16[nll] #774 tok 11: 0.995637 argmax 11
 11[nll] #775 tok 279: 2.033426 argmax 4528
 279[nll] #776 tok 5289: 1.822334 argmax 5289
 5289[nll] #777 tok 4528: 0.099298 argmax 4528
 4528[nll] #778 tok 314: 0.359839 argmax 314
 314[nll] #779 tok 2526: 1.219602 argmax 2526
 2526[nll] #780 tok 10: 0.692416 argmax 10
 10[nll] #781 tok 16275: 0.006885 argmax 16275
 16275[nll] #782 tok 14273: 1.946560 argmax 14273
 14273[nll] #783 tok 369: 1.315751 argmax 369
 369[nll] #784 tok 506: 0.398922 argmax 506
 506[nll] #785 tok 1379: 0.124747 argmax 1379
 1379[nll] #786 tok 30: 0.350312 argmax 30
 30[nll] #787 tok 1690: 0.958512 argmax 1690
 1690[nll] #788 tok 274: 1.569015 argmax 8097
 274[nll] #789 tok 28: 0.465876 argmax 28
 28[nll] #790 tok 17: 0.000244 argmax 17
 17[nll] #791 tok 75: 0.001693 argmax 75
 75[nll] #792 tok 6681: 0.446433 argmax 6681
 6681[nll] #793 tok 11: 0.379380 argmax 11
 11[nll] #794 tok 5289: 0.948903 argmax 5289
 5289[nll] #795 tok 4528: 1.311641 argmax 4528
 4528[nll] #796 tok 314: 1.070338 argmax 314
 314[nll] #797 tok 274: 0.898511 argmax 274
 274[nll] #798 tok 73314: 0.153177 argmax 73314
 73314[nll] #799 tok 14273: 0.131353 argmax 14273
 14273[nll] #800 tok 283: 0.136038 argmax 283
 283[nll] #801 tok 318: 0.072747 argmax 318
 318[nll] #802 tok 19: 0.129913 argmax 19
 19[nll] #803 tok 75: 0.161257 argmax 75
 75[nll] #804 tok 10: 0.006600 argmax 10
 10[nll] #805 tok 16: 0.000144 argmax 16
 16[nll] #806 tok 16: 0.000057 argmax 16
 16[nll] #807 tok 75: 0.000234 argmax 75
 75[nll] #808 tok 23493: 0.131854 argmax 23493
 23493[nll] #809 tok 18: 0.000292 argmax 18
 18[nll] #810 tok 75: 0.000037 argmax 75
 75[nll] #811 tok 11393: 0.002893 argmax 11393
 11393[nll] #812 tok 20: 0.107493 argmax 20
 20[nll] #813 tok 13: 0.129990 argmax 13
 13[nll] #814 tok 1368: 0.450502 argmax 1368
 1368[nll] #815 tok 274: 0.275790 argmax 274
 274[nll] #816 tok 29: 0.118056 argmax 29
 29[nll] #817 tok 17: 0.000053 argmax 17
 17[nll] #818 tok 75: 0.000039 argmax 75
 75[nll] #819 tok 11: 0.191018 argmax 11
 11[nll] #820 tok 5289: 0.360050 argmax 5289
 5289[nll] #821 tok 4570: 0.544020 argmax 4570
 4570[nll] #822 tok 13: 0.884318 argmax 13
 13[nll] #823 tok 23587: 0.232046 argmax 23587
 23587[nll] #824 tok 220: 1.522290 argmax 220
 220[nll] #825 tok 20: 0.000345 argmax 20
 20[nll] #826 tok 13: 0.009962 argmax 13
 13[nll] #827 tok 13891: 0.657171 argmax 13891
 13891[nll] #828 tok 866: 1.282916 argmax 866
 866[nll] #829 tok 42304: 0.643715 argmax 42304
 42304[nll] #830 tok 34860: 0.124191 argmax 34860
 34860[nll] #831 tok 274: 0.045519 argmax 274
 274[nll] #832 tok 9628: 0.016902 argmax 9628
 9628[nll] #833 tok 17: 0.000020 argmax 17
 17[nll] #834 tok 75: 0.000189 argmax 75
 75[nll] #835 tok 682: 0.079666 argmax 682
 682[nll] #836 tok 5289: 0.399540 argmax 5289
 5289[nll] #837 tok 4528: 0.014143 argmax 4528
 4528[nll] #838 tok 2564: 0.401127 argmax 2564
 2564[nll] #839 tok 20: 0.117440 argmax 20
 20[nll] #840 tok 20332: 0.724581 argmax 20332
 20332[nll] #841 tok 791: 0.511518 argmax 791
 791[nll] #842 tok 3618: 0.001056 argmax 3618
 3618[nll] #843 tok 30: 0.311073 argmax 30
 30[nll] #844 tok 6558: 0.075675 argmax 6558
 6558[nll] #845 tok 579: 0.000079 argmax 579
 579[nll] #846 tok 1716: 0.437414 argmax 1716
 1716[nll] #847 tok 25: 0.110892 argmax 25
 25[nll] #848 tok 457: 0.644641 argmax 457
 457[nll] #849 tok 283: 0.239182 argmax 283
 283[nll] #850 tok 220: 0.257252 argmax 220
 220[nll] #851 tok 17: 0.016040 argmax 17
 17[nll] #852 tok 82: 0.000128 argmax 82
 82[nll] #853 tok 10: 0.019060 argmax 10
 10[nll] #854 tok 20: 0.000849 argmax 20
 20[nll] #855 tok 76: 0.000046 argmax 76
 76[nll] #856 tok 10: 0.000007 argmax 10
 10[nll] #857 tok 16: 0.000009 argmax 16
 16[nll] #858 tok 16: 0.000009 argmax 16
 16[nll] #859 tok 75: 0.000032 argmax 75
 75[nll] #860 tok 13: 0.160506 argmax 13
 13[nll] #861 tok 42794: 1.055482 argmax 42794
 42794[nll] #862 tok 274: 0.004925 argmax 274
 274[nll] #863 tok 9628: 0.116409 argmax 9628
 9628[nll] #864 tok 17: 0.000033 argmax 17
 17[nll] #865 tok 75: 0.000067 argmax 75
 75[nll] #866 tok 574: 0.310958 argmax 574
 574[nll] #867 tok 220: 0.036409 argmax 220
 220[nll] #868 tok 17: 0.571311 argmax 17
 17[nll] #869 tok 82: 0.001184 argmax 82
 82[nll] #870 tok 2518: 0.230599 argmax 2518
 2518[nll] #871 tok 19: 0.049728 argmax 19
 19[nll] #872 tok 75: 0.000484 argmax 75
 75[nll] #873 tok 13: 0.975928 argmax 13
 13[nll] #874 tok 4844: 0.818234 argmax 4844
 4844[nll] #875 tok 457: 0.112661 argmax 457
 457[nll] #876 tok 283: 0.671498 argmax 283
 283[nll] #877 tok 220: 0.149224 argmax 220
 220[nll] #878 tok 17: 0.107597 argmax 17
 17[nll] #879 tok 82: 0.008941 argmax 82
 82[nll] #880 tok 10: 0.033953 argmax 10
 10[nll] #881 tok 20: 0.022548 argmax 20
 20[nll] #882 tok 76: 0.000792 argmax 76
 76[nll] #883 tok 10: 0.000046 argmax 10
 10[nll] #884 tok 16: 0.000062 argmax 16
 16[nll] #885 tok 16: 0.000085 argmax 16
 16[nll] #886 tok 75: 0.000058 argmax 75
 75[nll] #887 tok 2564: 0.620523 argmax 2564
 2564[nll] #888 tok 30: 0.051908 argmax 30
 30[nll] #889 tok 14235: 1.416341 argmax 14235
 14235[nll] #890 tok 9150: 0.857964 argmax 9150
 9150[nll] #891 tok 310: 0.135543 argmax 310
 310[nll] #892 tok 220: 0.001367 argmax 220
 220[nll] #893 tok 20: 0.000100 argmax 20
 20[nll] #894 tok 1104: 0.070468 argmax 1104
 1104[nll] #895 tok 57838: 0.001792 argmax 57838
 57838[nll] #896 tok 73314: 0.000872 argmax 73314
 73314[nll] #897 tok 11504: 0.914246 argmax 11504
 11504[nll] #898 tok 220: 0.410153 argmax 220
 220[nll] #899 tok 20: 0.009413 argmax 20
 20[nll] #900 tok 1104: 1.136461 argmax 1104
 1104[nll] #901 tok 57838: 0.000631 argmax 57838
 57838[nll] #902 tok 73314: 0.000192 argmax 73314
 73314[nll] #903 tok 8: 0.637404 argmax 8
 8[nll] #904 tok 471: 0.216155 argmax 471
 471[nll] #905 tok 457: 0.002115 argmax 457
 457[nll] #906 tok 283: 0.000061 argmax 283
 283[nll] #907 tok 220: 0.195465 argmax 220
 220[nll] #908 tok 20: 0.013081 argmax 20
 20[nll] #909 tok 82: 0.000169 argmax 82
 82[nll] #910 tok 10: 0.001885 argmax 10
 10[nll] #911 tok 20: 0.000151 argmax 20
 20[nll] #912 tok 76: 0.000110 argmax 76
 76[nll] #913 tok 10: 0.000040 argmax 10
 10[nll] #914 tok 20: 0.000156 argmax 20
 20[nll] #915 tok 75: 0.000055 argmax 75
 75[nll] #916 tok 471: 0.003675 argmax 471
 471[nll] #917 tok 17: 0.457594 argmax 17
 17[nll] #918 tok 82: 0.000004 argmax 82
 82[nll] #919 tok 12: 0.056146 argmax 12
 12[nll] #920 tok 20: 0.000107 argmax 20
 20[nll] #921 tok 76: 0.000028 argmax 76
 76[nll] #922 tok 12: 0.000031 argmax 12
 12[nll] #923 tok 16: 0.000026 argmax 16
 16[nll] #924 tok 16: 0.000005 argmax 16
 16[nll] #925 tok 75: 0.000012 argmax 75
 75[nll] #926 tok 283: 0.042875 argmax 283
 283[nll] #927 tok 220: 0.651627 argmax 220
 220[nll] #928 tok 18: 0.000018 argmax 18
 18[nll] #929 tok 82: 0.001055 argmax 82
 82[nll] #930 tok 471: 0.078829 argmax 471
 471[nll] #931 tok 21: 0.048493 argmax 21
 21[nll] #932 tok 75: 0.000017 argmax 75
 75[nll] #933 tok 283: 0.003430 argmax 283
 283[nll] #934 tok 18: 0.713397 argmax 220
 18[nll] #935 tok 1104: 0.000033 argmax 1104
 1104[nll] #936 tok 12: 0.000031 argmax 12
 12[nll] #937 tok 17: 0.000006 argmax 17
 17[nll] #938 tok 75: 0.000013 argmax 75
 75[nll] #939 tok 8: 0.491492 argmax 8
 8[nll] #940 tok 2518: 0.000062 argmax 2518
 2518[nll] #941 tok 15: 0.000362 argmax 15
 15[nll] #942 tok 13: 0.002539 argmax 13
 13[nll] #943 tok 1987: 0.866405 argmax 1987
 1987[nll] #944 tok 457: 0.005375 argmax 457
 457[nll] #945 tok 2564: 0.000529 argmax 2564
 2564[nll] #946 tok 20: 0.466367 argmax 20
 20[nll] #947 tok 2702: 1.143593 argmax 2702
 2702[nll] #948 tok 14273: 0.019572 argmax 14273
 14273[nll] #949 tok 13: 0.258420 argmax 13
 13[nll] #950 tok 8439: 0.882372 argmax 8439
 8439[nll] #951 tok 2702: 0.102970 argmax 2702
 2702[nll] #952 tok 14273: 0.000509 argmax 14273
 14273[nll] #953 tok 2564: 0.020949 argmax 2564
 2564[nll] #954 tok 21: 0.000052 argmax 21
 21[nll] #955 tok 15: 0.000001 argmax 15
 15[nll] #956 tok 11: 0.002899 argmax 11
 11[nll] #957 tok 457: 0.002340 argmax 457
 457[nll] #958 tok 2564: 0.044619 argmax 2564
 2564[nll] #959 tok 18: 0.325763 argmax 18
 18[nll] #960 tok 15: 0.000010 argmax 15
 15[nll] #961 tok 15: 0.000009 argmax 15
 15[nll] #962 tok 13: 0.375327 argmax 13
 13[nll] #963 tok 15885: 0.056576 argmax 15885
 15885[nll] #964 tok 0: 0.579950 argmax 0
 0[nll] #965 tok 1987: 1.366083 argmax 1987
 1987[nll] #966 tok 1866: 0.603734 argmax 1866
 1866[nll] #967 tok 4528: 0.922893 argmax 4528
 4528[nll] #968 tok 220: 1.340737 argmax 220
 220[nll] #969 tok 18: 0.000724 argmax 18
 18[nll] #970 tok 15: 0.000027 argmax 15
 15[nll] #971 tok 15: 0.000005 argmax 15
 15[nll] #972 tok 11: 0.585890 argmax 11
 11[nll] #973 tok 524: 0.049392 argmax 524
 524[nll] #974 tok 220: 0.000830 argmax 220
 220[nll] #975 tok 19: 0.000051 argmax 19
 19[nll] #976 tok 15: 0.000011 argmax 15
 15[nll] #977 tok 15: 0.000418 argmax 15
 15[nll] #978 tok 13: 0.132338 argmax 13
 13[nll] #979 tok 27917: 1.764752 argmax 27917
 27917[nll] #980 tok 13: 0.056441 argmax 13
 13[nll] #981 tok 14235: 1.324276 argmax 14235
 14235[nll] #982 tok 33363: 0.802048 argmax 33363
 33363[nll] #983 tok 457: 1.431818 argmax 457
 457[nll] #984 tok 2564: 0.795771 argmax 2564
 2564[nll] #985 tok 20: 0.959786 argmax 20
 20[nll] #986 tok 77: 0.709956 argmax 77
 77[nll] #987 tok 2564: 0.410547 argmax 2564
 2564[nll] #988 tok 18: 0.047823 argmax 18
 18[nll] #989 tok 15: 0.000006 argmax 15
 15[nll] #990 tok 15: 0.000001 argmax 15
 15[nll] #991 tok 13: 0.258678 argmax 13
 13[nll] #992 tok 39767: 0.923976 argmax 39767
 39767[nll] #993 tok 571: 0.343585 argmax 571
 571[nll] #994 tok 220: 0.316313 argmax 220
 220[nll] #995 tok 18: 0.002078 argmax 18
 18[nll] #996 tok 15: 0.000029 argmax 15
 15[nll] #997 tok 15: 0.000008 argmax 15
 15[nll] #998 tok 413: 0.181247 argmax 413
 413[nll] #999 tok 2702: 0.711281 argmax 2702
 2702[nll] #1000 tok 14273: 0.003875 argmax 14273
 14273[nll] #1001 tok 28: 0.719468 argmax 28
 28[nll] #1002 tok 21: 0.000025 argmax 21
 21[nll] #1003 tok 15: 0.000001 argmax 15
 15[nll] #1004 tok 321: 0.006718 argmax 321
 321[nll] #1005 tok 274: 0.013307 argmax 274
 274[nll] #1006 tok 28: 0.000705 argmax 28
 28[nll] #1007 tok 17: 0.000007 argmax 17
 17[nll] #1008 tok 75: 0.000145 argmax 75
 75[nll] #1009 tok 318: 0.347901 argmax 318
 318[nll] #1010 tok 2083: 1.429177 argmax 2083
 2083[nll] #1011 tok 4799: 0.425275 argmax 4799
 4799[nll] #1012 tok 2526: 0.001313 argmax 2526
 2526[nll] #1013 tok 8: 0.818619 argmax 8
 8[nll] #1014 tok 321: 0.587726 argmax 321
 321[nll] #1015 tok 660: 0.467285 argmax 660
 660[nll] #1016 tok 4528: 1.451121 argmax 4528
 4528[nll] #1017 tok 5289: 2.015517 argmax 5289
 5289[nll] #1018 tok 220: 0.226585 argmax 220
 220[nll] #1019 tok 20: 0.000047 argmax 20
 20[nll] #1020 tok 13: 0.818016 argmax 13
 13[nll] #1021 tok 14235: 0.916195 argmax 14235
 14235[nll] #1022 tok 14159: 1.454809 argmax 14159
 14159[nll] #1023 tok 34860: 1.141581 argmax 34860
 34860[nll] #1024 tok 274: 0.137137 argmax 274
 274[nll] #1025 tok 28: 0.079493 argmax 28
 28[nll] #1026 tok 17: 0.000372 argmax 17
 17[nll] #1027 tok 75: 0.001393 argmax 75
 75[nll] #1028 tok 11: 0.053465 argmax 11
 11[nll] #1029 tok 274: 0.426373 argmax 274
 274[nll] #1030 tok 57838: 0.004689 argmax 57838
 57838[nll] #1031 tok 73314: 0.003300 argmax 73314
 73314[nll] #1032 tok 28: 0.021499 argmax 28
 28[nll] #1033 tok 21: 0.003140 argmax 21
 21[nll] #1034 tok 15: 0.000009 argmax 15
 15[nll] #1035 tok 11: 0.185112 argmax 11
 11[nll] #1036 tok 4528: 0.439800 argmax 4528
 4528[nll] #1037 tok 28: 0.656467 argmax 28
 28[nll] #1038 tok 18: 0.198771 argmax 18
 18[nll] #1039 tok 15: 0.000096 argmax 15
 15[nll] #1040 tok 15: 0.000010 argmax 15
 15[nll] #1041 tok 9184: 0.818915 argmax 9184
 9184[nll] #1042 tok 30: 0.576112 argmax 30
 30[nll] #1043 tok 1368: 0.445736 argmax 1368
 1368[nll] #1044 tok 274: 0.003000 argmax 274
 274[nll] #1045 tok 28: 0.000459 argmax 28
 28[nll] #1046 tok 17: 0.000269 argmax 17
 17[nll] #1047 tok 75: 0.000263 argmax 75
 75[nll] #1048 tok 11: 0.220677 argmax 11
 11[nll] #1049 tok 457: 0.414235 argmax 457
 457[nll] #1050 tok 28: 0.127816 argmax 28
 28[nll] #1051 tok 16: 0.638090 argmax 16
 16[nll] #1052 tok 20: 0.001653 argmax 20
 20[nll] #1053 tok 75: 0.002806 argmax 75
 75[nll] #1054 tok 10: 0.016161 argmax 10
 10[nll] #1055 tok 20: 0.007624 argmax 20
 20[nll] #1056 tok 76: 0.000462 argmax 76
 76[nll] #1057 tok 11: 1.155170 argmax 11
 11[nll] #1058 tok 307: 1.072493 argmax 307
 307[nll] #1059 tok 28: 0.000646 argmax 28
 28[nll] #1060 tok 18: 0.002019 argmax 18
 18[nll] #1061 tok 75: 0.000053 argmax 75
 75[nll] #1062 tok 57838: 0.000109 argmax 57838
 57838[nll] #1063 tok 28: 0.102167 argmax 28
 28[nll] #1064 tok 21: 0.000191 argmax 21
 21[nll] #1065 tok 15: 0.000006 argmax 15
 15[nll] #1066 tok 574: 0.379418 argmax 574
 574[nll] #1067 tok 457: 0.161240 argmax 457
 457[nll] #1068 tok 28: 0.017673 argmax 28
 28[nll] #1069 tok 20: 0.155243 argmax 20
 20[nll] #1070 tok 7: 0.211229 argmax 7
 7[nll] #1071 tok 18: 0.001973 argmax 18
 18[nll] #1072 tok 75: 0.000025 argmax 75
 75[nll] #1073 tok 57838: 0.048516 argmax 57838
 57838[nll] #1074 tok 11393: 0.007499 argmax 11393
 11393[nll] #1075 tok 18: 0.004697 argmax 18
 18[nll] #1076 tok 15: 0.000014 argmax 15
 15[nll] #1077 tok 15: 0.000019 argmax 15
 15[nll] #1078 tok 13: 0.052990 argmax 13
 13[nll] #1079 tok 14235: 1.157111 argmax 14235
 14235[nll] #1080 tok 324: 1.678289 argmax 324
 324[nll] #1081 tok 12709: 0.690894 argmax 12709
 12709[nll] #1082 tok 2397: 0.152653 argmax 2397
 2397[nll] #1083 tok 40823: 0.102289 argmax 40823
 40823[nll] #1084 tok 24959: 0.319919 argmax 24959
 24959[nll] #1085 tok 440: 1.120610 argmax 440
 440[nll] #1086 tok 295: 0.685064 argmax 295
 295[nll] #1087 tok 28: 0.155399 argmax 28
 28[nll] #1088 tok 21: 0.000038 argmax 21
 21[nll] #1089 tok 15: 0.000002 argmax 15
 15[nll] #1090 tok 12: 0.000156 argmax 12
 12[nll] #1091 tok 18: 0.000002 argmax 18
 18[nll] #1092 tok 75: 0.000009 argmax 75
 75[nll] #1093 tok 2518: 0.547596 argmax 2518
 2518[nll] #1094 tok 15: 0.000074 argmax 15
 15[nll] #1095 tok 13: 0.243704 argmax 13
 13[nll] #1096 tok 8727: 0.821787 argmax 8727
 8727[nll] #1097 tok 9611: 0.192453 argmax 9611
 9611[nll] #1098 tok 25: 0.733957 argmax 25
 25[nll] #1099 tok 324: 0.068113 argmax 324
 324[nll] #1100 tok 28: 0.176207 argmax 28
 28[nll] #1101 tok 15: 0.003427 argmax 15
 15[nll] #1102 tok 486: 0.369670 argmax 486
 486[nll] #1103 tok 17: 0.000334 argmax 17
 17[nll] #1104 tok 15: 0.000004 argmax 15
 15[nll] #1105 tok 11: 0.172416 argmax 11
 11[nll] #1106 tok 274: 0.039440 argmax 274
 274[nll] #1107 tok 28: 0.000046 argmax 28
 28[nll] #1108 tok 17: 0.044998 argmax 17
 17[nll] #1109 tok 75: 0.000197 argmax 75
 75[nll] #1110 tok 11: 0.083761 argmax 11
 11[nll] #1111 tok 295: 0.000329 argmax 295
 295[nll] #1112 tok 28: 0.000055 argmax 28
 28[nll] #1113 tok 21: 0.000087 argmax 21
 21[nll] #1114 tok 15: 0.000076 argmax 15
 15[nll] #1115 tok 12: 0.000041 argmax 12
 12[nll] #1116 tok 18: 0.000354 argmax 18
 18[nll] #1117 tok 75: 0.000010 argmax 75
 75[nll] #1118 tok 13: 0.038832 argmax 13
 13[nll] #1119 tok 16030: 1.000967 argmax 16030
 16030[nll] #1120 tok 220: 0.090531 argmax 220
 220[nll] #1121 tok 18: 0.028090 argmax 18
 18[nll] #1122 tok 15: 0.000054 argmax 15
 15[nll] #1123 tok 15: 0.000009 argmax 15
 15[nll] #1124 tok 13: 0.136282 argmax 13
 13[nll] #1125 tok 14235: 1.124637 argmax 14235
 14235[nll] #1126 tok 7526: 1.266246 argmax 7526
 7526[nll] #1127 tok 2702: 0.052702 argmax 2702
 2702[nll] #1128 tok 4528: 0.002061 argmax 4528
 4528[nll] #1129 tok 220: 0.162479 argmax 220
 220[nll] #1130 tok 18: 0.000046 argmax 18
 18[nll] #1131 tok 15: 0.000002 argmax 15
 15[nll] #1132 tok 15: 0.000007 argmax 15
 15[nll] #1133 tok 13: 0.416070 argmax 13
 13[nll] #1134 tok 1921: 1.021687 argmax 1921
 1921[nll] #1135 tok 3655: 0.763570 argmax 3655
 3655[nll] #1136 tok 10538: 1.749003 argmax 10538
 10538[nll] #1137 tok 22651: 0.569303 argmax 22651
 22651[nll] #1138 tok 506: 0.000531 argmax 506
 506[nll] #1139 tok 1379: 0.000044 argmax 1379
 1379[nll] #1140 tok 220: 0.000828 argmax 220
 220[nll] #1141 tok 19: 0.085022 argmax 19
 19[nll] #1142 tok 15: 0.000024 argmax 15
 15[nll] #1143 tok 15: 0.000015 argmax 15
 15[nll] #1144 tok 20332: 0.248841 argmax 20332
 20332[nll] #1145 tok 11: 0.880576 argmax 11
 11[nll] #1146 tok 506: 0.616652 argmax 506
 506[nll] #1147 tok 1379: 0.000241 argmax 1379
 1379[nll] #1148 tok 220: 0.001383 argmax 220
 220[nll] #1149 tok 21: 0.000018 argmax 21
 21[nll] #1150 tok 15: 0.000017 argmax 15
 15[nll] #1151 tok 14273: 0.001086 argmax 14273
 14273[nll] #1152 tok 13: 0.253732 argmax 13
 13[nll] #1153 tok 1368: 1.882976 argmax 1368
 1368[nll] #1154 tok 660: 1.962653 argmax 660
 660[nll] #1155 tok 10728: 0.773469 argmax 10728
 10728[nll] #1156 tok 220: 0.802239 argmax 220
 220[nll] #1157 tok 21: 0.144340 argmax 21
 21[nll] #1158 tok 15: 0.000096 argmax 15
 15[nll] #1159 tok 14273: 0.247612 argmax 14273
 14273[nll] #1160 tok 4528: 0.267661 argmax 4528
 4528[nll] #1161 tok 220: 0.013968 argmax 220
 220[nll] #1162 tok 18: 0.000237 argmax 18
 18[nll] #1163 tok 15: 0.000021 argmax 15
 15[nll] #1164 tok 15: 0.000028 argmax 15
 15[nll] #1165 tok 11: 0.883102 argmax 11
 11[nll] #1166 tok 274: 1.045430 argmax 274
 274[nll] #1167 tok 28: 0.238091 argmax 28
 28[nll] #1168 tok 15: 0.023138 argmax 15
 15[nll] #1169 tok 21518: 0.228414 argmax 21518
 21518[nll] #1170 tok 28: 0.000024 argmax 28
 28[nll] #1171 tok 15: 0.000086 argmax 15
 15[nll] #1172 tok 65611: 0.264477 argmax 65611
 65611[nll] #1173 tok 274: 0.402247 argmax 274
 274[nll] #1174 tok 9628: 0.016648 argmax 9628
 9628[nll] #1175 tok 17: 0.020572 argmax 17
 17[nll] #1176 tok 75: 0.001028 argmax 75
 75[nll] #1177 tok 318: 0.838868 argmax 318
 318[nll] #1178 tok 15: 0.004718 argmax 15
 15[nll] #1179 tok 9628: 0.028462 argmax 9628
 9628[nll] #1180 tok 15: 0.000066 argmax 15
 15[nll] #1181 tok 553: 0.666595 argmax 553
 553[nll] #1182 tok 1987: 0.997040 argmax 1987
 1987[nll] #1183 tok 220: 0.191240 argmax 220
 220[nll] #1184 tok 18: 0.070841 argmax 18
 18[nll] #1185 tok 15: 0.000049 argmax 15
 15[nll] #1186 tok 15: 0.000032 argmax 15
 15[nll] #1187 tok 85116: 1.193022 argmax 85116
 85116[nll] #1188 tok 13: 0.193485 argmax 13
 13[nll] #1189 tok 1921: 1.141093 argmax 1921
 1921[nll] #1190 tok 6970: 1.071771 argmax 6970
 6970[nll] #1191 tok 628: 1.228922 argmax 628
 628[nll] #1192 tok 12131: 0.442207 argmax 12131
 12131[nll] #1193 tok 220: 0.004444 argmax 220
 220[nll] #1194 tok 18: 0.011976 argmax 18
 18[nll] #1195 tok 15: 0.000154 argmax 15
 15[nll] #1196 tok 15: 0.000043 argmax 15
 15[nll] #1197 tok 539: 0.968532 argmax 539
 539[nll] #1198 tok 1608: 0.231182 argmax 1608
 1608[nll] #1199 tok 16253: 1.017248 argmax 16253
 16253[nll] #1200 tok 14273: 0.565514 argmax 14273
 14273[nll] #1201 tok 694: 1.130036 argmax 694
 694[nll] #1202 tok 42371: 0.464045 argmax 42371
 42371[nll] #1203 tok 30: 0.229859 argmax 30
 30[nll] #1204 tok 1165: 1.505124 argmax 1165
 1165[nll] #1205 tok 18089: 0.297115 argmax 18089
 18089[nll] #1206 tok 457: 0.027906 argmax 457
 457[nll] #1207 tok 2564: 0.156672 argmax 2564
 2564[nll] #1208 tok 20: 0.153180 argmax 20
 20[nll] #1209 tok 77: 0.866660 argmax 77
 77[nll] #1210 tok 2564: 0.579582 argmax 2564
 2564[nll] #1211 tok 18: 0.155035 argmax 18
 18[nll] #1212 tok 15: 0.000047 argmax 15
 15[nll] #1213 tok 15: 0.000007 argmax 15
 15[nll] #1214 tok 13: 1.126738 argmax 13
 13[nll] #1215 tok 7179: 1.338204 argmax 1987
 7179[nll] #1216 tok 13: 0.514295 argmax 13
 13[nll] #1217 tok 271: 0.959829 argmax 271
 271[nll] #1218 tok 22916: 0.484477 argmax 22916
 22916[nll] #1219 tok 1420: 1.003287 argmax 1420
 1420[nll] #1220 tok 31626: 0.002043 argmax 31626
 31626[nll] #1221 tok 13: 0.298701 argmax 13
 13[nll] #1222 tok 16018: 1.434118 argmax 16018
 16018[nll] #1223 tok 2945: 1.288938 argmax 2945
 2945[nll] #1224 tok 30184: 0.517982 argmax 30184
 30184[nll] #1225 tok 25: 0.284758 argmax 25
 25[nll] #1226 tok 457: 1.458242 argmax 457
 457[nll] #1227 tok 283: 0.542184 argmax 283
 283[nll] #1228 tok 220: 0.164783 argmax 220
 220[nll] #1229 tok 17: 0.294654 argmax 17
 17[nll] #1230 tok 82: 0.014265 argmax 82
 82[nll] #1231 tok 10: 0.010378 argmax 10
 10[nll] #1232 tok 20: 0.000050 argmax 20
 20[nll] #1233 tok 76: 0.000092 argmax 76
 76[nll] #1234 tok 10: 0.000008 argmax 10
 10[nll] #1235 tok 16: 0.000046 argmax 16
 16[nll] #1236 tok 16: 0.000009 argmax 16
 16[nll] #1237 tok 75: 0.000026 argmax 75
 75[nll] #1238 tok 2564: 0.999883 argmax 2564
 2564[nll] #1239 tok 220: 0.428246 argmax 220
 220[nll] #1240 tok 20: 0.097676 argmax 20
 20[nll] #1241 tok 1104: 0.120816 argmax 1104
 1104[nll] #1242 tok 57838: 0.001167 argmax 57838
 57838[nll] #1243 tok 73314: 0.000443 argmax 73314
 73314[nll] #1244 tok 8: 0.021086 argmax 8
 8[nll] #1245 tok 1521: 0.196294 argmax 1521
 1521[nll] #1246 tok 274: 0.322888 argmax 274
 274[nll] #1247 tok 9628: 0.168723 argmax 9628
 9628[nll] #1248 tok 17: 0.000019 argmax 17
 17[nll] #1249 tok 75: 0.000179 argmax 75
 75[nll] #1250 tok 13: 0.796495 argmax 13
 13[nll] #1251 tok 8439: 0.643881 argmax 8439
 8439[nll] #1252 tok 274: 1.226586 argmax 274
 274[nll] #1253 tok 57838: 0.003519 argmax 57838
 57838[nll] #1254 tok 73314: 0.000054 argmax 73314
 73314[nll] #1255 tok 2564: 0.494036 argmax 2564
 2564[nll] #1256 tok 21: 0.010628 argmax 21
 21[nll] #1257 tok 15: 0.000001 argmax 15
 15[nll] #1258 tok 11: 0.032692 argmax 11
 11[nll] #1259 tok 457: 0.004171 argmax 457
 457[nll] #1260 tok 2564: 0.369878 argmax 2564
 2564[nll] #1261 tok 18: 0.105959 argmax 18
 18[nll] #1262 tok 15: 0.000026 argmax 15
 15[nll] #1263 tok 15: 0.000003 argmax 15
 15[nll] #1264 tok 13: 0.001597 argmax 13
 13[nll] #1265 tok 39767: 0.330026 argmax 39767
 39767[nll] #1266 tok 23017: 0.457962 argmax 23017
 23017[nll] #1267 tok 378: 1.086895 argmax 378
 378[nll] #1268 tok 1257: 0.000018 argmax 1257
 1257[nll] #1269 tok 13: 0.188628 argmax 13
 13[nll] #1270 tok 220: 0.058897 argmax 220
 220[nll] #1271 tok 21: 0.185589 argmax 21
 21[nll] #1272 tok 15: 0.000103 argmax 15
 15[nll] #1273 tok 10728: 0.002190 argmax 10728
 10728[nll] #1274 tok 14273: 0.192756 argmax 14273
 14273[nll] #1275 tok 318: 0.790586 argmax 318
 318[nll] #1276 tok 82: 0.516858 argmax 82
 82[nll] #1277 tok 28: 0.026446 argmax 28
 28[nll] #1278 tok 15: 0.006198 argmax 15
 15[nll] #1279 tok 12709: 0.444410 argmax 12709
 12709[nll] #1280 tok 28: 0.000031 argmax 28
 28[nll] #1281 tok 21: 0.001284 argmax 21
 21[nll] #1282 tok 15: 0.000039 argmax 15
 15[nll] #1283 tok 21518: 0.000023 argmax 21518
 21518[nll] #1284 tok 28: 0.000001 argmax 28
 28[nll] #1285 tok 15: 0.000008 argmax 15
 15[nll] #1286 tok 8: 0.396922 argmax 8
 8[nll] #1287 tok 466: 0.981170 argmax 4528
 466[nll] #1288 tok 220: 0.716765 argmax 220
 220[nll] #1289 tok 17: 0.290619 argmax 17
 17[nll] #1290 tok 15: 0.004742 argmax 15
 15[nll] #1291 tok 3349: 0.205252 argmax 3349
 3349[nll] #1292 tok 11: 0.063986 argmax 11
 11[nll] #1293 tok 220: 0.401493 argmax 220
 220[nll] #1294 tok 19: 0.005848 argmax 19
 19[nll] #1295 tok 15: 0.000087 argmax 15
 15[nll] #1296 tok 2526: 0.000174 argmax 2526
 2526[nll] #1297 tok 11: 0.102792 argmax 11
 11[nll] #1298 tok 220: 0.022450 argmax 220
 220[nll] #1299 tok 15: 0.004685 argmax 15
 15[nll] #1300 tok 10728: 0.003143 argmax 10728
 10728[nll] #1301 tok 30: 0.834297 argmax 30
 30[nll] #1302 tok 4109: 0.329013 argmax 4109
 4109[nll] #1303 tok 274: 0.687112 argmax 274
 274[nll] #1304 tok 28: 0.094895 argmax 28
 28[nll] #1305 tok 19: 0.013113 argmax 19
 19[nll] #1306 tok 15: 0.000042 argmax 15
 15[nll] #1307 tok 21518: 0.210671 argmax 21518
 21518[nll] #1308 tok 28: 0.000008 argmax 28
 28[nll] #1309 tok 17: 0.000860 argmax 17
 17[nll] #1310 tok 15: 0.000019 argmax 15
 15[nll] #1311 tok 12709: 0.788584 argmax 12709
 12709[nll] #1312 tok 28: 0.000208 argmax 28
 28[nll] #1313 tok 15: 0.000957 argmax 15
 15[nll] #1314 tok 25: 0.717276 argmax 25
 25[nll] #1315 tok 14273: 0.478123 argmax 14273
 14273[nll] #1316 tok 220: 0.358279 argmax 220
 220[nll] #1317 tok 21: 0.000005 argmax 21
 21[nll] #1318 tok 15: 0.000007 argmax 15
 15[nll] #1319 tok 11: 0.105396 argmax 11
 11[nll] #1320 tok 4528: 0.022109 argmax 4528
 4528[nll] #1321 tok 220: 0.057529 argmax 220
 220[nll] #1322 tok 23: 0.121116 argmax 23
 23[nll] #1323 tok 15: 0.000048 argmax 15
 15[nll] #1324 tok 10: 0.000539 argmax 10
 10[nll] #1325 tok 17: 0.003508 argmax 17
 17[nll] #1326 tok 17: 0.000191 argmax 17
 17[nll] #1327 tok 15: 0.000021 argmax 15
 15[nll] #1328 tok 28: 0.000214 argmax 28
 28[nll] #1329 tok 18: 0.000025 argmax 18
 18[nll] #1330 tok 15: 0.000012 argmax 15
 15[nll] #1331 tok 15: 0.000012 argmax 15
 15[nll] #1332 tok 11: 0.230185 argmax 11
 11[nll] #1333 tok 274: 0.646745 argmax 274
 274[nll] #1334 tok 28: 0.198471 argmax 28
 28[nll] #1335 tok 17: 0.417041 argmax 17
 17[nll] #1336 tok 75: 0.006704 argmax 75
 75[nll] #1337 tok 13: 0.171100 argmax 13
 13[nll] #1338 tok 7054: 1.161584 argmax 7054
 7054[nll] #1339 tok 220: 0.622838 argmax 220
 220[nll] #1340 tok 17: 1.131135 argmax 17
 17[nll] #1341 tok 15: 0.054951 argmax 15
 15[nll] #1342 tok 3349: 0.256918 argmax 3349
 3349[nll] #1343 tok 11: 0.701244 argmax 11
 11[nll] #1344 tok 220: 0.533568 argmax 220
 220[nll] #1345 tok 19: 0.065218 argmax 19
 19[nll] #1346 tok 15: 0.001038 argmax 15
 15[nll] #1347 tok 2526: 0.002449 argmax 2526
 2526[nll] #1348 tok 13: 0.871153 argmax 13
 13[nll] #1349 tok 1921: 1.605734 argmax 1921
 1921[nll] #1350 tok 413: 1.594686 argmax 413
 413[nll] #1351 tok 3349: 2.060933 argmax 3349
 3349[nll] #1352 tok 14273: 0.786274 argmax 14273
 14273[nll] #1353 tok 1325: 1.439321 argmax 1325
 1325[nll] #1354 tok 506: 0.380747 argmax 506
 506[nll] #1355 tok 3140: 0.000489 argmax 3140
 3140[nll] #1356 tok 10598: 0.002578 argmax 10598
 10598[nll] #1357 tok 2526: 0.759245 argmax 430
 2526[nll] #1358 tok 11: 0.587290 argmax 11
 11[nll] #1359 tok 9542: 0.794365 argmax 9542
 9542[nll] #1360 tok 13: 0.362296 argmax 13
 13[nll] #1361 tok 15451: 2.315976 argmax 15451
 15451[nll] #1362 tok 14159: 0.013826 argmax 14159
 14159[nll] #1363 tok 30: 0.503894 argmax 30
 30[nll] #1364 tok 21397: 1.572049 argmax 21397
 21397[nll] #1365 tok 16561: 0.066050 argmax 16561
 16561[nll] #1366 tok 2873: 0.157331 argmax 2873
 2873[nll] #1367 tok 14159: 0.150619 argmax 14159
 14159[nll] #1368 tok 314: 0.012544 argmax 314
 314[nll] #1369 tok 1754: 0.000102 argmax 1754
 1754[nll] #1370 tok 3618: 0.001058 argmax 3618
 3618[nll] #1371 tok 13: 0.030933 argmax 13
 13[nll] #1372 tok 16018: 0.545084 argmax 16018
 16018[nll] #1373 tok 2873: 0.232653 argmax 2873
 2873[nll] #1374 tok 799: 0.356737 argmax 799
 799[nll] #1375 tok 22113: 0.916776 argmax 22113
 22113[nll] #1376 tok 716: 0.832402 argmax 716
 716[nll] #1377 tok 13: 0.286897 argmax 13
 13[nll] #1378 tok 10380: 0.905625 argmax 10380
 10380[nll] #1379 tok 781: 1.150365 argmax 781
 781[nll] #1380 tok 1660: 0.091617 argmax 1660
 1660[nll] #1381 tok 1608: 1.451608 argmax 1608
 1608[nll] #1382 tok 3349: 0.652902 argmax 3349
 3349[nll] #1383 tok 14273: 0.682156 argmax 14273
 14273[nll] #1384 tok 30: 0.023075 argmax 30
 30[nll] #1385 tok 80445: 1.587548 argmax 80445
 80445[nll] #1386 tok 2702: 0.416753 argmax 2702
 2702[nll] #1387 tok 4528: 0.000215 argmax 4528
 4528[nll] #1388 tok 220: 0.975543 argmax 220
 220[nll] #1389 tok 18: 0.000440 argmax 18
 18[nll] #1390 tok 15: 0.000021 argmax 15
 15[nll] #1391 tok 15: 0.000004 argmax 15
 15[nll] #1392 tok 13: 0.946189 argmax 13
 13[nll] #1393 tok 82699: 0.632096 argmax 82699
 82699[nll] #1394 tok 25: 0.988601 argmax 25
 25[nll] #1395 tok 220: 0.518004 argmax 220
 220[nll] #1396 tok 19: 0.552568 argmax 19
 19[nll] #1397 tok 15: 0.000028 argmax 15
 15[nll] #1398 tok 2526: 0.000025 argmax 2526
 2526[nll] #1399 tok 11: 0.002666 argmax 11
 11[nll] #1400 tok 220: 0.004380 argmax 220
 220[nll] #1401 tok 15: 0.353422 argmax 15
 15[nll] #1402 tok 10728: 0.000690 argmax 10728
 10728[nll] #1403 tok 11: 0.004036 argmax 11
 11[nll] #1404 tok 220: 0.012005 argmax 220
 220[nll] #1405 tok 17: 0.000269 argmax 17
 17[nll] #1406 tok 15: 0.000005 argmax 15
 15[nll] #1407 tok 3349: 0.000096 argmax 3349
 3349[nll] #1408 tok 318: 1.592983 argmax 13
 318[nll] #1409 tok 269: 0.427343 argmax 269
 269[nll] #1410 tok 220: 0.044456 argmax 220
 220[nll] #1411 tok 15: 0.212130 argmax 15
 15[nll] #1412 tok 2526: 0.316953 argmax 2526
 2526[nll] #1413 tok 11: 0.051420 argmax 11
 11[nll] #1414 tok 21: 0.646232 argmax 21
 21[nll] #1415 tok 15: 0.000006 argmax 15
 15[nll] #1416 tok 10728: 0.003521 argmax 10728
 10728[nll] #1417 tok 11: 0.093689 argmax 11
 11[nll] #1418 tok 15: 0.001880 argmax 15
 15[nll] #1419 tok 3349: 0.000298 argmax 3349
 3349[nll] #1420 tok 553: 0.087421 argmax 553
 553[nll] #1421 tok 14235: 0.885889 argmax 14235
 14235[nll] #1422 tok 6970: 1.147824 argmax 6970
 6970[nll] #1423 tok 413: 1.441114 argmax 413
 413[nll] #1424 tok 328: 1.111390 argmax 328
 328[nll] #1425 tok 17149: 0.987853 argmax 17149
 17149[nll] #1426 tok 220: 0.001063 argmax 220
 220[nll] #1427 tok 18: 0.000002 argmax 18
 18[nll] #1428 tok 12461: 0.000013 argmax 12461
 12461[nll] #1429 tok 1: 0.149502 argmax 1
 1[nll] #1430 tok 6970: 0.546058 argmax 6970
 6970[nll] #1431 tok 1396: 0.870070 argmax 1396
 1396[nll] #1432 tok 42304: 0.040495 argmax 42304
 42304[nll] #1433 tok 1902: 0.297735 argmax 1902
 1902[nll] #1434 tok 6435: 0.004884 argmax 6435
 6435[nll] #1435 tok 506: 0.572038 argmax 506
 506[nll] #1436 tok 3140: 0.000462 argmax 3140
 3140[nll] #1437 tok 10598: 0.071030 argmax 10598
 10598[nll] #1438 tok 430: 0.050402 argmax 430
 430[nll] #1439 tok 1599: 0.000893 argmax 1599
 1599[nll] #1440 tok 2526: 0.000238 argmax 2526
 2526[nll] #1441 tok 430: 0.372858 argmax 430
 430[nll] #1442 tok 3349: 0.000050 argmax 3349
 3349[nll] #1443 tok 26: 0.646931 argmax 26
 26[nll] #1444 tok 1362: 1.229796 argmax 1362
 1362[nll] #1445 tok 2070: 0.949891 argmax 2070
 2070[nll] #1446 tok 6942: 0.238899 argmax 6942
 6942[nll] #1447 tok 3349: 0.338917 argmax 3349
 3349[nll] #1448 tok 13: 0.506509 argmax 13
 13[nll] #1449 tok 1368: 0.558563 argmax 1368
 1368[nll] #1450 tok 781: 0.439686 argmax 781
 781[nll] #1451 tok 1318: 0.610907 argmax 1318
 1318[nll] #1452 tok 660: 0.910424 argmax 660
 660[nll] #1453 tok 2250: 0.631556 argmax 2250
 2250[nll] #1454 tok 12461: 0.155303 argmax 12461
 12461[nll] #1455 tok 30: 0.025942 argmax 30
 30[nll] #1456 tok 2717: 0.582214 argmax 2717
 2717[nll] #1457 tok 10661: 0.740336 argmax 10661
 10661[nll] #1458 tok 13: 0.723605 argmax 13
 13[nll] #1459 tok 1368: 0.932644 argmax 1368
 1368[nll] #1460 tok 1902: 1.076887 argmax 1902
 1902[nll] #1461 tok 6435: 0.367621 argmax 6435
 6435[nll] #1462 tok 660: 0.923066 argmax 660
 660[nll] #1463 tok 2250: 0.887507 argmax 2250
 2250[nll] #1464 tok 30: 0.256329 argmax 30
 30[nll] #1465 tok 1049: 0.675675 argmax 1049
 1049[nll] #1466 tok 2640: 0.048863 argmax 2640
 2640[nll] #1467 tok 17199: 0.525927 argmax 17199
 17199[nll] #1468 tok 220: 0.000181 argmax 220
 220[nll] #1469 tok 18: 0.000012 argmax 18
 18[nll] #1470 tok 12461: 0.000024 argmax 12461
 12461[nll] #1471 tok 11: 0.588716 argmax 11
 11[nll] #1472 tok 1396: 0.560482 argmax 1396
 1396[nll] #1473 tok 42304: 0.000083 argmax 42304
 42304[nll] #1474 tok 1902: 0.221766 argmax 1902
 1902[nll] #1475 tok 6435: 0.026401 argmax 6435
 6435[nll] #1476 tok 506: 0.442947 argmax 506
 506[nll] #1477 tok 3140: 0.000828 argmax 3140
 3140[nll] #1478 tok 10598: 0.053526 argmax 10598
 10598[nll] #1479 tok 430: 0.135583 argmax 430
 430[nll] #1480 tok 1599: 0.002868 argmax 1599
 1599[nll] #1481 tok 2526: 0.000602 argmax 2526
 2526[nll] #1482 tok 14273: 0.259095 argmax 14273
 14273[nll] #1483 tok 430: 0.000086 argmax 430
 430[nll] #1484 tok 3349: 0.000019 argmax 3349
 3349[nll] #1485 tok 5981: 0.000730 argmax 5981
 5981[nll] #1486 tok 13: 0.020850 argmax 13
 13[nll] #1487 tok 16018: 0.759566 argmax 16018
 16018[nll] #1488 tok 381: 0.996551 argmax 381
 381[nll] #1489 tok 6942: 0.513645 argmax 6942
 6942[nll] #1490 tok 5252: 0.974371 argmax 5252
 5252[nll] #1491 tok 30: 0.797307 argmax 30
 30[nll] #1492 tok 31874: 0.353729 argmax 31874
 31874[nll] #1493 tok 14159: 0.708657 argmax 14159
 14159[nll] #1494 tok 2397: 0.239828 argmax 2397
 2397[nll] #1495 tok 40823: 0.000681 argmax 40823
 40823[nll] #1496 tok 13: 0.133755 argmax 13
 13[nll] #1497 tok 1368: 0.089317 argmax 1368
 1368[nll] #1498 tok 1325: 0.743341 argmax 1325
 1325[nll] #1499 tok 506: 0.314081 argmax 506
 506[nll] #1500 tok 3140: 0.000193 argmax 3140
 3140[nll] #1501 tok 799: 0.012579 argmax 799
 799[nll] #1502 tok 314: 0.310890 argmax 314
 314[nll] #1503 tok 1754: 0.002786 argmax 1754
 1754[nll] #1504 tok 30: 0.110165 argmax 30
 30[nll] #1505 tok 2717: 0.826408 argmax 2717
 2717[nll] #1506 tok 5024: 0.334947 argmax 5024
 5024[nll] #1507 tok 13: 0.012529 argmax 13
 13[nll] #1508 tok 1368: 0.797385 argmax 1368
 1368[nll] #1509 tok 1325: 0.458495 argmax 1325
 1325[nll] #1510 tok 660: 0.923219 argmax 660
 660[nll] #1511 tok 2250: 0.446716 argmax 2250
 2250[nll] #1512 tok 12461: 0.605556 argmax 12461
 12461[nll] #1513 tok 11: 1.339993 argmax 11
 11[nll] #1514 tok 1990: 1.563182 argmax 1990
 1990[nll] #1515 tok 220: 0.590245 argmax 220
 220[nll] #1516 tok 18: 0.014863 argmax 18
 18[nll] #1517 tok 15: 0.000091 argmax 15
 15[nll] #1518 tok 15: 0.000347 argmax 15
 15[nll] #1519 tok 85116: 0.325009 argmax 85116
 85116[nll] #1520 tok 440: 0.461845 argmax 440
 440[nll] #1521 tok 324: 0.574541 argmax 324
 324[nll] #1522 tok 28: 0.600382 argmax 28
 28[nll] #1523 tok 16: 0.005989 argmax 16
 16[nll] #1524 tok 486: 0.954165 argmax 486
 486[nll] #1525 tok 16: 0.038959 argmax 16
 16[nll] #1526 tok 24: 0.001062 argmax 24
 24[nll] #1527 tok 30: 0.761092 argmax 30
 30[nll] #1528 tok 378: 0.936925 argmax 378
 378[nll] #1529 tok 1257: 0.000034 argmax 1257
 1257[nll] #1530 tok 13: 0.122279 argmax 13
 13[nll] #1531 tok 274: 0.820802 argmax 274
 274[nll] #1532 tok 28: 0.000329 argmax 28
 28[nll] #1533 tok 17: 0.292220 argmax 17
 17[nll] #1534 tok 12709: 1.012627 argmax 11
 12709[nll] #1535 tok 28: 0.007906 argmax 28
 28[nll] #1536 tok 20: 0.017311 argmax 20
 20[nll] #1537 tok 22: 0.229716 argmax 22
 22[nll] #1538 tok 21518: 0.044430 argmax 21518
 21518[nll] #1539 tok 28: 0.000208 argmax 28
 28[nll] #1540 tok 16: 0.001595 argmax 16
 16[nll] #1541 tok 6486: 1.723751 argmax 25
 6486[nll] #1542 tok 220: 0.709577 argmax 220
 220[nll] #1543 tok 21: 0.171854 argmax 21
 21[nll] #1544 tok 15: 0.002240 argmax 15
 15[nll] #1545 tok 14273: 0.024292 argmax 14273
 14273[nll] #1546 tok 4528: 0.359536 argmax 4528
 4528[nll] #1547 tok 220: 0.027308 argmax 220
 220[nll] #1548 tok 19: 0.112669 argmax 19
 19[nll] #1549 tok 10: 0.001332 argmax 10
 10[nll] #1550 tok 17: 0.059365 argmax 17
 17[nll] #1551 tok 23: 0.001283 argmax 23
 23[nll] #1552 tok 20: 0.000335 argmax 20
 20[nll] #1553 tok 10: 0.000189 argmax 10
 10[nll] #1554 tok 16: 0.000302 argmax 16
 16[nll] #1555 tok 16: 0.000147 argmax 16
 16[nll] #1556 tok 28: 0.000244 argmax 28
 28[nll] #1557 tok 18: 0.000167 argmax 18
 18[nll] #1558 tok 15: 0.000063 argmax 15
 15[nll] #1559 tok 15: 0.000306 argmax 15
 15[nll] #1560 tok 13: 0.335048 argmax 13
 13[nll] #1561 tok 2441: 0.999878 argmax 2441
 2441[nll] #1562 tok 274: 0.131203 argmax 274
 274[nll] #1563 tok 28: 0.000075 argmax 28
 28[nll] #1564 tok 19: 0.779567 argmax 19
 19[nll] #1565 tok 15: 0.064737 argmax 15
 15[nll] #1566 tok 12709: 0.244896 argmax 12709
 12709[nll] #1567 tok 28: 0.028958 argmax 28
 28[nll] #1568 tok 15: 0.099781 argmax 15
 15[nll] #1569 tok 21518: 0.178234 argmax 21518
 21518[nll] #1570 tok 28: 0.000054 argmax 28
 28[nll] #1571 tok 17: 0.000368 argmax 17
 17[nll] #1572 tok 15: 0.000208 argmax 15
 15[nll] #1573 tok 413: 1.428703 argmax 413
 413[nll] #1574 tok 10728: 0.562284 argmax 10728
 10728[nll] #1575 tok 6942: 0.706322 argmax 6942
 6942[nll] #1576 tok 13: 0.852609 argmax 13
 13[nll] #1577 tok 1368: 0.520338 argmax 1368
 1368[nll] #1578 tok 660: 0.491781 argmax 660
 660[nll] #1579 tok 2250: 0.171110 argmax 2250
 2250[nll] #1580 tok 6572: 0.497549 argmax 6572
 6572[nll] #1581 tok 11: 0.644517 argmax 11
 11[nll] #1582 tok 4992: 0.355149 argmax 4992
 4992[nll] #1583 tok 274: 0.696940 argmax 274
 274[nll] #1584 tok 28: 0.000036 argmax 28
 28[nll] #1585 tok 17: 0.243201 argmax 17
 17[nll] #1586 tok 12709: 0.718007 argmax 12709
 12709[nll] #1587 tok 28: 0.000022 argmax 28
 28[nll] #1588 tok 20: 0.003705 argmax 20
 20[nll] #1589 tok 22: 0.005397 argmax 22
 22[nll] #1590 tok 21518: 0.000103 argmax 21518
 21518[nll] #1591 tok 28: 0.000005 argmax 28
 28[nll] #1592 tok 16: 0.000047 argmax 16
 16[nll] #1593 tok 13: 0.456210 argmax 13
 13[nll] #1594 tok 1921: 0.578442 argmax 1921
 1921[nll] #1595 tok 6970: 1.443821 argmax 6970
 6970[nll] #1596 tok 781: 1.272138 argmax 781
 781[nll] #1597 tok 1318: 1.000130 argmax 1660
 1318[nll] #1598 tok 14159: 0.474605 argmax 14159
 14159[nll] #1599 tok 314: 1.037185 argmax 314
 314[nll] #1600 tok 1754: 0.010956 argmax 1754
 1754[nll] #1601 tok 3618: 0.236604 argmax 3618
 3618[nll] #1602 tok 26: 1.838553 argmax 26
 26[nll] #1603 tok 1362: 1.866512 argmax 1362
 1362[nll] #1604 tok 3300: 1.197781 argmax 3300
 3300[nll] #1605 tok 2902: 0.424777 argmax 2902
 2902[nll] #1606 tok 321: 0.595711 argmax 321
 321[nll] #1607 tok 799: 0.742786 argmax 799
 799[nll] #1608 tok 3010: 0.097203 argmax 3010
 3010[nll] #1609 tok 13: 0.043476 argmax 13
 13[nll] #1610 tok 14235: 0.251297 argmax 14235
 14235[nll] #1611 tok 381: 0.714826 argmax 381
 381[nll] #1612 tok 16097: 0.340850 argmax 16097
 16097[nll] #1613 tok 25: 0.154519 argmax 25
 25[nll] #1614 tok 1368: 1.340181 argmax 1368
 1368[nll] #1615 tok 328: 1.482346 argmax 328
 328[nll] #1616 tok 17149: 0.879376 argmax 17149
 17149[nll] #1617 tok 220: 0.000062 argmax 220
 220[nll] #1618 tok 18: 0.000011 argmax 18
 18[nll] #1619 tok 12461: 0.000032 argmax 12461
 12461[nll] #1620 tok 314: 0.699263 argmax 1
 314[nll] #1621 tok 14273: 0.000016 argmax 14273
 14273[nll] #1622 tok 1: 0.013429 argmax 1
 1[nll] #1623 tok 3070: 0.992311 argmax 3070
 3070[nll] #1624 tok 914: 0.000023 argmax 914
 914[nll] #1625 tok 2977: 0.474060 argmax 2977
 2977[nll] #1626 tok 1754: 0.969542 argmax 1754
 1754[nll] #1627 tok 42304: 0.110199 argmax 42304
 42304[nll] #1628 tok 1902: 0.870640 argmax 1902
 1902[nll] #1629 tok 2830: 0.464068 argmax 2830
 2830[nll] #1630 tok 660: 0.175834 argmax 660
 660[nll] #1631 tok 12461: 0.954181 argmax 12461
 12461[nll] #1632 tok 13: 0.007511 argmax 13
 13[nll] #1633 tok 1921: 0.949809 argmax 1921
 1921[nll] #1634 tok 310: 0.375468 argmax 310
 310[nll] #1635 tok 381: 0.590417 argmax 381
 381[nll] #1636 tok 5902: 0.003230 argmax 5902
 5902[nll] #1637 tok 11: 0.173913 argmax 11
 11[nll] #1638 tok 2873: 0.572739 argmax 2873
 2873[nll] #1639 tok 449: 0.912101 argmax 449
 449[nll] #1640 tok 22113: 0.108178 argmax 22113
 22113[nll] #1641 tok 6093: 1.053369 argmax 42304
 6093[nll] #1642 tok 440: 0.705109 argmax 440
 440[nll] #1643 tok 660: 0.380295 argmax 660
 660[nll] #1644 tok 2250: 0.154878 argmax 2250
 2250[nll] #1645 tok 6572: 0.412806 argmax 6572
 6572[nll] #1646 tok 30: 1.115044 argmax 30
 30[nll] #1647 tok 80445: 1.864303 argmax 80445
 80445[nll] #1648 tok 2702: 0.601416 argmax 2702
 2702[nll] #1649 tok 4528: 0.007359 argmax 4528
 4528[nll] #1650 tok 220: 0.354201 argmax 220
 220[nll] #1651 tok 18: 0.000093 argmax 18
 18[nll] #1652 tok 15: 0.000016 argmax 15
 15[nll] #1653 tok 15: 0.000022 argmax 15
 15[nll] #1654 tok 26: 1.152085 argmax 26
 26[nll] #1655 tok 14159: 0.350853 argmax 14159
 14159[nll] #1656 tok 378: 0.891099 argmax 378
 378[nll] #1657 tok 1257: 0.000011 argmax 1257
 1257[nll] #1658 tok 13: 0.048744 argmax 13
 13[nll] #1659 tok 220: 0.206772 argmax 220
 220[nll] #1660 tok 17: 0.447364 argmax 17
 17[nll] #1661 tok 2526: 0.002844 argmax 2526
 2526[nll] #1662 tok 11: 0.000261 argmax 11
 11[nll] #1663 tok 220: 0.023931 argmax 220
 220[nll] #1664 tok 20: 0.022982 argmax 20
 20[nll] #1665 tok 22: 0.000491 argmax 22
 22[nll] #1666 tok 10728: 0.000013 argmax 10728
 10728[nll] #1667 tok 11: 0.000005 argmax 11
 11[nll] #1668 tok 220: 0.000178 argmax 220
 220[nll] #1669 tok 16: 0.000136 argmax 16
 16[nll] #1670 tok 3349: 0.000286 argmax 3349
 3349[nll] #1671 tok 13: 1.390402 argmax 13
 13[nll] #1672 tok 4109: 0.465565 argmax 4109
 4109[nll] #1673 tok 274: 1.295703 argmax 274
 274[nll] #1674 tok 9628: 0.562407 argmax 9628
 9628[nll] #1675 tok 17: 0.000032 argmax 17
 17[nll] #1676 tok 75: 0.003514 argmax 75
 75[nll] #1677 tok 25: 0.248992 argmax 25
 25[nll] #1678 tok 220: 0.052016 argmax 220
 220[nll] #1679 tok 17: 0.000015 argmax 17
 17[nll] #1680 tok 9628: 0.148442 argmax 9628
 9628[nll] #1681 tok 17: 0.000058 argmax 17
 17[nll] #1682 tok 9542: 0.459916 argmax 9542
 9542[nll] #1683 tok 13: 0.313926 argmax 13
 13[nll] #1684 tok 14273: 0.877284 argmax 14273
 14273[nll] #1685 tok 220: 0.544804 argmax 220
 220[nll] #1686 tok 21: 0.001649 argmax 21
 21[nll] #1687 tok 15: 0.000031 argmax 15
 15[nll] #1688 tok 11: 0.592143 argmax 11
 11[nll] #1689 tok 4528: 0.001155 argmax 4528
 4528[nll] #1690 tok 220: 0.012991 argmax 220
 220[nll] #1691 tok 19: 0.054611 argmax 19
 19[nll] #1692 tok 10: 0.002583 argmax 10
 10[nll] #1693 tok 17: 0.000051 argmax 17
 17[nll] #1694 tok 23: 0.000046 argmax 23
 23[nll] #1695 tok 20: 0.000009 argmax 20
 20[nll] #1696 tok 10: 0.000028 argmax 10
 10[nll] #1697 tok 16: 0.000105 argmax 16
 16[nll] #1698 tok 16: 0.000026 argmax 16
 16[nll] #1699 tok 28: 0.000234 argmax 28
 28[nll] #1700 tok 18: 0.000112 argmax 18
 18[nll] #1701 tok 15: 0.000059 argmax 15
 15[nll] #1702 tok 15: 0.000028 argmax 15
 15[nll] #1703 tok 13: 0.072567 argmax 13
 13[nll] #1704 tok 2441: 1.387405 argmax 2441
 2441[nll] #1705 tok 220: 0.037929 argmax 220
 220[nll] #1706 tok 19: 0.025717 argmax 19
 19[nll] #1707 tok 15: 0.076163 argmax 15
 15[nll] #1708 tok 2526: 0.007527 argmax 2526
 2526[nll] #1709 tok 11: 0.066212 argmax 11
 11[nll] #1710 tok 220: 0.325336 argmax 220
 220[nll] #1711 tok 17: 0.566919 argmax 17
 17[nll] #1712 tok 15: 0.000770 argmax 15
 15[nll] #1713 tok 3349: 0.002265 argmax 3349
 3349[nll] #1714 tok 11: 0.303476 argmax 11
 11[nll] #1715 tok 220: 0.042637 argmax 220
 220[nll] #1716 tok 15: 0.001863 argmax 15
 15[nll] #1717 tok 10728: 0.000890 argmax 10728
 10728[nll] #1718 tok 13: 0.302183 argmax 13
 13[nll] #1719 tok 1368: 0.317155 argmax 1368
 1368[nll] #1720 tok 781: 0.245885 argmax 781
 781[nll] #1721 tok 1660: 0.497977 argmax 1660
 1660[nll] #1722 tok 958: 1.280011 argmax 958
 958[nll] #1723 tok 3349: 0.504666 argmax 3349
 3349[nll] #1724 tok 30: 0.879752 argmax 30
 30[nll] #1725 tok 10380: 1.321712 argmax 10380
 10380[nll] #1726 tok 1420: 2.380264 argmax 1420
 1420[nll] #1727 tok 4437: 1.259361 argmax 4437
 4437[nll] #1728 tok 2902: 0.947860 argmax 2902
 2902[nll] #1729 tok 25: 0.407871 argmax 25
 25[nll] #1730 tok 318: 1.357480 argmax 318
 318[nll] #1731 tok 82: 0.083620 argmax 82
 82[nll] #1732 tok 12709: 0.095326 argmax 12709
 12709[nll] #1733 tok 21518: 0.000045 argmax 21518
 21518[nll] #1734 tok 70684: 0.111047 argmax 70684
 70684[nll] #1735 tok 17: 0.036874 argmax 17
 17[nll] #1736 tok 74: 0.517481 argmax 74
 74[nll] #1737 tok 11: 0.005242 argmax 11
 11[nll] #1738 tok 21: 0.116957 argmax 21
 21[nll] #1739 tok 15: 0.000012 argmax 15
 15[nll] #1740 tok 12: 0.000047 argmax 12
 12[nll] #1741 tok 18: 0.000031 argmax 18
 18[nll] #1742 tok 74: 0.000033 argmax 74
 74[nll] #1743 tok 15672: 0.000320 argmax 15672
 15672[nll] #1744 tok 8: 0.278182 argmax 8
 8[nll] #1745 tok 364: 0.005741 argmax 364
 364[nll] #1746 tok 580: 0.060643 argmax 580
 580[nll] #1747 tok 28: 0.000355 argmax 28
 28[nll] #1748 tok 15: 0.026794 argmax 15
 15[nll] #1749 tok 27736: 0.236660 argmax 27736
 27736[nll] #1750 tok 11: 0.003257 argmax 11
 11[nll] #1751 tok 17: 0.000420 argmax 17
 17[nll] #1752 tok 15: 0.000027 argmax 15
 15[nll] #1753 tok 660: 1.099263 argmax 660
 660[nll] #1754 tok 10752: 1.183382 argmax 10752
 10752[nll] #1755 tok 220: 0.003319 argmax 220
 220[nll] #1756 tok 18: 0.000104 argmax 18
 18[nll] #1757 tok 15: 0.000007 argmax 15
 15[nll] #1758 tok 15: 0.000009 argmax 15
 15[nll] #1759 tok 13: 0.217337 argmax 13
 13[nll] #1760 tok 1368: 0.253405 argmax 1368
 1368[nll] #1761 tok 660: 1.052682 argmax 660
 660[nll] #1762 tok 2250: 0.225816 argmax 2250
 2250[nll] #1763 tok 12461: 0.781144 argmax 12461
 12461[nll] #1764 tok 2483: 0.215052 argmax 2483
 2483[nll] #1765 tok 11: 0.096555 argmax 11
 11[nll] #1766 tok 580: 0.723011 argmax 580
 580[nll] #1767 tok 28: 0.023037 argmax 28
 28[nll] #1768 tok 16: 0.000194 argmax 16
 16[nll] #1769 tok 27736: 0.260585 argmax 27736
 27736[nll] #1770 tok 11: 0.003897 argmax 11
 11[nll] #1771 tok 16: 0.002072 argmax 16
 16[nll] #1772 tok 24: 0.000731 argmax 24
 24[nll] #1773 tok 13: 0.926782 argmax 13
 13[nll] #1774 tok 1921: 1.713688 argmax 1921
 1921[nll] #1775 tok 413: 0.882109 argmax 413
 413[nll] #1776 tok 580: 1.003029 argmax 580
 580[nll] #1777 tok 28: 0.000694 argmax 28
 28[nll] #1778 tok 17: 0.320778 argmax 17
 17[nll] #1779 tok 15: 0.000394 argmax 15
 15[nll] #1780 tok 295: 1.109595 argmax 295
 295[nll] #1781 tok 28: 0.000663 argmax 28
 28[nll] #1782 tok 15: 0.000089 argmax 15
 15[nll] #1783 tok 13: 0.689762 argmax 13
 13[nll] #1784 tok 1368: 1.155706 argmax 1368
 1368[nll] #1785 tok 580: 0.983373 argmax 580
 580[nll] #1786 tok 28: 0.003025 argmax 28
 28[nll] #1787 tok 15: 0.182468 argmax 15
 15[nll] #1788 tok 324: 0.367465 argmax 324
 324[nll] #1789 tok 28: 0.072315 argmax 28
 28[nll] #1790 tok 15: 0.000756 argmax 15
 15[nll] #1791 tok 13: 0.142565 argmax 13
 13[nll] #1792 tok 14235: 1.684360 argmax 14235
 14235[nll] #1793 tok 6970: 1.302483 argmax 6970
 6970[nll] #1794 tok 4992: 1.472556 argmax 4992
 4992[nll] #1795 tok 580: 1.477222 argmax 580
 580[nll] #1796 tok 28: 0.042905 argmax 28
 28[nll] #1797 tok 16: 0.630652 argmax 16
 16[nll] #1798 tok 310: 0.561714 argmax 310
 310[nll] #1799 tok 2830: 0.148670 argmax 2830
 2830[nll] #1800 tok 660: 0.024122 argmax 660
 660[nll] #1801 tok 2250: 0.500162 argmax 2250
 2250[nll] #1802 tok 13: 0.360625 argmax 13
 13[nll] #1803 tok 1921: 0.800465 argmax 1921
 1921[nll] #1804 tok 413: 1.108196 argmax 413
 413[nll] #1805 tok 781: 1.742014 argmax 781
 781[nll] #1806 tok 2466: 0.257122 argmax 2466
 2466[nll] #1807 tok 14159: 0.511023 argmax 14159
 14159[nll] #1808 tok 314: 0.123397 argmax 314
 314[nll] #1809 tok 1754: 0.000064 argmax 1754
 1754[nll] #1810 tok 3618: 0.025614 argmax 3618
 3618[nll] #1811 tok 11: 0.834142 argmax 11
 11[nll] #1812 tok 6970: 0.982298 argmax 6970
 6970[nll] #1813 tok 799: 1.439713 argmax 799
 799[nll] #1814 tok 716: 0.756939 argmax 716
 716[nll] #1815 tok 13: 0.521380 argmax 13
 13[nll] #1816 tok 16018: 1.098260 argmax 16018
 16018[nll] #1817 tok 6088: 1.322186 argmax 6088
 6088[nll] #1818 tok 1599: 1.108522 argmax 1599
 1599[nll] #1819 tok 22113: 0.191354 argmax 22113
 22113[nll] #1820 tok 9611: 1.376411 argmax 9611
 9611[nll] #1821 tok 26: 0.458240 argmax 26
 26[nll] #1822 tok 799: 1.143503 argmax 799
 799[nll] #1823 tok 369: 0.573136 argmax 369
 369[nll] #1824 tok 220: 0.046806 argmax 220
 220[nll] #1825 tok 17: 0.493489 argmax 17
 17[nll] #1826 tok 2526: 0.003781 argmax 2526
 2526[nll] #1827 tok 11: 0.000258 argmax 11
 11[nll] #1828 tok 220: 0.052620 argmax 220
 220[nll] #1829 tok 20: 0.018429 argmax 20
 20[nll] #1830 tok 22: 0.000151 argmax 22
 22[nll] #1831 tok 10728: 0.000026 argmax 10728
 10728[nll] #1832 tok 11: 0.000004 argmax 11
 11[nll] #1833 tok 220: 0.000522 argmax 220
 220[nll] #1834 tok 16: 0.000024 argmax 16
 16[nll] #1835 tok 3349: 0.000080 argmax 3349
 3349[nll] #1836 tok 13: 0.657627 argmax 13
 13[nll] #1837 tok 1921: 0.836508 argmax 1921
 1921[nll] #1838 tok 369: 1.384608 argmax 369
 369[nll] #1839 tok 220: 0.646873 argmax 220
 220[nll] #1840 tok 20: 0.236733 argmax 20
 20[nll] #1841 tok 22: 0.000490 argmax 22
 22[nll] #1842 tok 10728: 0.003206 argmax 10728
 10728[nll] #1843 tok 5252: 1.278977 argmax 5252
 5252[nll] #1844 tok 30: 0.162021 argmax 30
 30[nll] #1845 tok 506: 1.256226 argmax 506
 506[nll] #1846 tok 1379: 0.000812 argmax 1379
 1379[nll] #1847 tok 220: 0.005639 argmax 220
 220[nll] #1848 tok 21: 0.012846 argmax 21
 21[nll] #1849 tok 15: 0.000172 argmax 15
 15[nll] #1850 tok 14273: 0.240127 argmax 14273
 14273[nll] #1851 tok 9542: 0.319297 argmax 9542
 9542[nll] #1852 tok 13: 0.137722 argmax 13
 13[nll] #1853 tok 16030: 0.420046 argmax 16030
 16030[nll] #1854 tok 220: 0.111661 argmax 220
 220[nll] #1855 tok 18: 0.104219 argmax 18
 18[nll] #1856 tok 15: 0.000450 argmax 15
 15[nll] #1857 tok 15: 0.000351 argmax 15
 15[nll] #1858 tok 13: 0.234360 argmax 13
 13[nll] #1859 tok 1921: 2.155094 argmax 1921
 1921[nll] #1860 tok 413: 1.493698 argmax 413
 413[nll] #1861 tok 781: 1.434828 argmax 781
 781[nll] #1862 tok 1318: 0.832629 argmax 1318
 1318[nll] #1863 tok 33363: 0.528225 argmax 33363
 33363[nll] #1864 tok 4528: 0.494481 argmax 4528
 4528[nll] #1865 tok 6970: 1.409691 argmax 11
 6970[nll] #1866 tok 1608: 1.508262 argmax 1608
 1608[nll] #1867 tok 3349: 0.826688 argmax 3349
 3349[nll] #1868 tok 14273: 0.322941 argmax 14273
 14273[nll] #1869 tok 30: 0.827354 argmax 30
 30[nll] #1870 tok 561: 1.983788 argmax 561
 561[nll] #1871 tok 30184: 1.315516 argmax 30184
 30184[nll] #1872 tok 4774: 0.667905 argmax 4774
 4774[nll] #1873 tok 866: 0.987158 argmax 866
 866[nll] #1874 tok 10286: 1.600771 argmax 10286
 10286[nll] #1875 tok 440: 0.156213 argmax 440
 440[nll] #1876 tok 274: 0.319607 argmax 274
 274[nll] #1877 tok 28: 0.015287 argmax 28
 28[nll] #1878 tok 17: 0.000063 argmax 17
 17[nll] #1879 tok 75: 0.001359 argmax 75
 75[nll] #1880 tok 321: 0.033486 argmax 321
 321[nll] #1881 tok 220: 0.884284 argmax 220
 220[nll] #1882 tok 21: 0.000020 argmax 21
 21[nll] #1883 tok 15: 0.000073 argmax 15
 15[nll] #1884 tok 14273: 0.121073 argmax 14273
 14273[nll] #1885 tok 34237: 1.668632 argmax 34237
 34237[nll] #1886 tok 220: 0.015371 argmax 220
 220[nll] #1887 tok 18: 0.000230 argmax 18
 18[nll] #1888 tok 15: 0.000006 argmax 15
 15[nll] #1889 tok 15: 0.000015 argmax 15
 15[nll] #1890 tok 13: 0.231128 argmax 13
 13[nll] #1891 tok 1368: 1.489625 argmax 1368
 1368[nll] #1892 tok 781: 1.840477 argmax 660
 781[nll] #1893 tok 1318: 0.898824 argmax 1318
 1318[nll] #1894 tok 328: 1.208939 argmax 328
 328[nll] #1895 tok 26035: 0.603243 argmax 26035
 26035[nll] #1896 tok 467: 0.000616 argmax 467
 467[nll] #1897 tok 2702: 0.001402 argmax 2702
 2702[nll] #1898 tok 4528: 0.000057 argmax 4528
 4528[nll] #1899 tok 264: 0.548051 argmax 264
 264[nll] #1900 tok 3074: 0.001779 argmax 3074
 3074[nll] #1901 tok 10538: 0.000010 argmax 10538
 10538[nll] #1902 tok 628: 0.000877 argmax 628
 628[nll] #1903 tok 6564: 0.000074 argmax 6564
 6564[nll] #1904 tok 1: 0.032109 argmax 1
 1[nll] #1905 tok 6970: 0.900852 argmax 6970
 6970[nll] #1906 tok 220: 0.575852 argmax 220
 220[nll] #1907 tok 18: 0.054585 argmax 18
 18[nll] #1908 tok 15: 0.000183 argmax 15
 15[nll] #1909 tok 15: 0.000042 argmax 15
 15[nll] #1910 tok 13: 0.562265 argmax 13
 13[nll] #1911 tok 14235: 0.735393 argmax 14235
 14235[nll] #1912 tok 1420: 0.842070 argmax 1420
 1420[nll] #1913 tok 31626: 0.445852 argmax 31626
 31626[nll] #1914 tok 13: 0.565348 argmax 13
 13[nll] #1915 tok 271: 0.492173 argmax 271
 271[nll] #1916 tok 7144: 0.445024 argmax 7144
 7144[nll] #1917 tok 15464: 0.005188 argmax 15464
 15464[nll] #1918 tok 874: 0.705268 argmax 874
 874[nll] #1919 tok 12665: 0.928916 argmax 12665
 12665[nll] #1920 tok 835: 0.722316 argmax 835
 835[nll] #1921 tok 18: 0.005302 argmax 18
 18[nll] #1922 tok 15: 0.000063 argmax 15
 15[nll] #1923 tok 15: 0.000021 argmax 15
 15[nll] #1924 tok 440: 0.794739 argmax 440
 440[nll] #1925 tok 16253: 0.383337 argmax 16253
 16253[nll] #1926 tok 1056: 0.684913 argmax 1056
 1056[nll] #1927 tok 220: 0.001438 argmax 220
 220[nll] #1928 tok 21: 0.000179 argmax 21
 21[nll] #1929 tok 15: 0.000019 argmax 15
 15[nll] #1930 tok 14273: 0.079195 argmax 14273
 14273[nll] #1931 tok 694: 0.683032 argmax 694
 694[nll] #1932 tok 42371: 1.186507 argmax 42371
 42371[nll] #1933 tok 5289: 0.879187 argmax 5289
 5289[nll] #1934 tok 835: 0.449406 argmax 835
 835[nll] #1935 tok 20: 0.000204 argmax 20
 20[nll] #1936 tok 30: 0.184365 argmax 30
 30[nll] #1937 tok 42794: 0.278786 argmax 42794
 42794[nll] #1938 tok 274: 0.223744 argmax 274
 274[nll] #1939 tok 9628: 0.046741 argmax 9628
 9628[nll] #1940 tok 17: 0.000016 argmax 17
 17[nll] #1941 tok 75: 0.000142 argmax 75
 75[nll] #1942 tok 24546: 1.846959 argmax 24546
 24546[nll] #1943 tok 5289: 0.327510 argmax 5289
 5289[nll] #1944 tok 2564: 0.297132 argmax 2564
 2564[nll] #1945 tok 20: 0.002255 argmax 20
 20[nll] #1946 tok 364: 1.743648 argmax 364
 364[nll] #1947 tok 2526: 1.010539 argmax 2526
 2526[nll] #1948 tok 10: 0.147826 argmax 10
 10[nll] #1949 tok 16275: 0.009885 argmax 16275
 16275[nll] #1950 tok 10: 1.809807 argmax 10
 10[nll] #1951 tok 25252: 0.010716 argmax 25252
 25252[nll] #1952 tok 30: 0.344147 argmax 30
 30[nll] #1953 tok 6558: 0.625238 argmax 6558
 6558[nll] #1954 tok 579: 0.005647 argmax 579
 579[nll] #1955 tok 11774: 1.068560 argmax 11774
 11774[nll] #1956 tok 25: 0.152306 argmax 25
 25[nll] #1957 tok 457: 0.529734 argmax 457
 457[nll] #1958 tok 283: 0.703493 argmax 283
 283[nll] #1959 tok 220: 0.095549 argmax 220
 220[nll] #1960 tok 20: 0.460398 argmax 20
 20[nll] #1961 tok 45: 0.847611 argmax 45
 45[nll] #1962 tok 471: 0.027009 argmax 471
 471[nll] #1963 tok 220: 0.546508 argmax 220
 220[nll] #1964 tok 18: 0.001575 argmax 18
 18[nll] #1965 tok 1104: 0.017629 argmax 1104
 1104[nll] #1966 tok 12: 0.009621 argmax 12
 12[nll] #1967 tok 17: 0.000023 argmax 17
 17[nll] #1968 tok 75: 0.000791 argmax 75
 75[nll] #1969 tok 553: 0.433370 argmax 553
 553[nll] #1970 tok 8439: 0.365699 argmax 8439
 8439[nll] #1971 tok 274: 0.086646 argmax 274
 274[nll] #1972 tok 12: 0.630976 argmax 12
 12[nll] #1973 tok 17: 0.000013 argmax 17
 17[nll] #1974 tok 75: 0.000041 argmax 75
 75[nll] #1975 tok 9628: 0.541104 argmax 9628
 9628[nll] #1976 tok 15: 0.000010 argmax 15
 15[nll] #1977 tok 11: 0.205554 argmax 11
 11[nll] #1978 tok 457: 0.006987 argmax 457
 457[nll] #1979 tok 2564: 0.460737 argmax 2564
 2564[nll] #1980 tok 20: 0.060131 argmax 20
 20[nll] #1981 tok 45: 0.000053 argmax 45
 45[nll] #1982 tok 13: 0.547206 argmax 13
 13[nll] #1983 tok 443: 0.748681 argmax 443
 443[nll] #1984 tok 7946: 0.140290 argmax 7946
 7946[nll] #1985 tok 21: 0.000031 argmax 21
 21[nll] #1986 tok 15: 0.000001 argmax 15
 15[nll] #1987 tok 574: 0.932803 argmax 574
 574[nll] #1988 tok 457: 0.304437 argmax 457
 457[nll] #1989 tok 7946: 0.105191 argmax 7946
 7946[nll] #1990 tok 18: 0.000012 argmax 18
 18[nll] #1991 tok 15: 0.000002 argmax 15
 15[nll] #1992 tok 15: 0.000006 argmax 15
 15[nll] #1993 tok 13: 0.000205 argmax 13
 13[nll] #1994 tok 7179: 1.407152 argmax 7179
 7179[nll] #1995 tok 13: 0.372840 argmax 13
 13[nll] #1996 tok 271: 0.843556 argmax 271
 271[nll] #1997 tok 22916: 0.899488 argmax 22916
 22916[nll] #1998 tok 6970: 1.235605 argmax 6970
 6970[nll] #1999 tok 2814: 0.767326 argmax 2814
 2814[nll] #2000 tok 7308: 1.315861 argmax 7308
 7308[nll] #2001 tok 16484: 1.052104 argmax 16484
 16484[nll] #2002 tok 30: 0.629160 argmax 30
 30[nll] #2003 tok 2717: 1.730852 argmax 2717
 2717[nll] #2004 tok 4221: 0.549441 argmax 4221
 4221[nll] #2005 tok 364: 0.412727 argmax 364
 364[nll] #2006 tok 8156: 0.128536 argmax 8156
 8156[nll] #2007 tok 6608: 0.001258 argmax 6608
 6608[nll] #2008 tok 13: 0.424910 argmax 13
 13[nll] #2009 tok 39767: 0.023030 argmax 39767
 39767[nll] #2010 tok 85: 0.244380 argmax 85
 85[nll] #2011 tok 2803: 0.000038 argmax 2803
 2803[nll] #2012 tok 7308: 0.961348 argmax 7308
 7308[nll] #2013 tok 13: 0.507903 argmax 13
 13[nll] #2014 tok 7441: 1.063083 argmax 7441
 7441[nll] #2015 tok 13: 0.000003 argmax 13
 13[nll] #2016 tok 271: 0.000497 argmax 271
 271[nll] #2017 tok 22916: 0.763633 argmax 22916
 22916[nll] #2018 tok 1534: 0.296745 argmax 1534
 1534[nll] #2019 tok 4087: 0.514528 argmax 4087
 4087[nll] #2020 tok 440: 0.533527 argmax 440
 440[nll] #2021 tok 31626: 0.380523 argmax 31626
 31626[nll] #2022 tok 13: 0.521474 argmax 13
 13[nll] #2023 tok 16018: 1.038091 argmax 16018
 16018[nll] #2024 tok 2830: 0.775237 argmax 2830
 2830[nll] #2025 tok 7101: 0.706230 argmax 7101
 7101[nll] #2026 tok 11: 0.490160 argmax 11
 11[nll] #2027 tok 30184: 0.572482 argmax 30184
 30184[nll] #2028 tok 11: 0.243039 argmax 11
 11[nll] #2029 tok 21106: 0.834319 argmax 21106
 21106[nll] #2030 tok 4530: 0.120632 argmax 4530
 4530[nll] #2031 tok 13: 0.157192 argmax 13
 13[nll] #2032 tok 14235: 1.215833 argmax 14235
 14235[nll] #2033 tok 6970: 1.164132 argmax 6970
 6970[nll] #2034 tok 6088: 1.005222 argmax 6088
 6088[nll] #2035 tok 4528: 0.763272 argmax 4528
 4528[nll] #2036 tok 3798: 0.310103 argmax 3798
 3798[nll] #2037 tok 220: 0.008279 argmax 220
 220[nll] #2038 tok 19: 0.000025 argmax 19
 19[nll] #2039 tok 15: 0.000000 argmax 15
 15[nll] #2040 tok 15: 0.000038 argmax 15
 15[nll] #2041 tok 369: 0.273434 argmax 369
 369[nll] #2042 tok 524: 0.448187 argmax 524
 524[nll] #2043 tok 10649: 0.027769 argmax 10649
 10649[nll] #2044 tok 26: 0.519712 argmax 26
 26[nll] #2045 tok 3618: 0.066834 argmax 3618
 3618[nll] #2046 tok 3798: 0.340450 argmax 3798
 3798[nll] #2047 tok 369: 0.915758 argmax 369
 369[nll] #2048 tok 10649: 0.187750 argmax 10649
 10649[nll] #2049 tok 13: 0.171092 argmax 13
 13[nll] #2050 tok 561: 1.774657 argmax 561
 561[nll] #2051 tok 7526: 1.181730 argmax 7526
 7526[nll] #2052 tok 2702: 0.223525 argmax 2702
 2702[nll] #2053 tok 4528: 0.000784 argmax 4528
 4528[nll] #2054 tok 369: 0.120370 argmax 369
 369[nll] #2055 tok 220: 0.012211 argmax 220
 220[nll] #2056 tok 18: 0.000358 argmax 18
 18[nll] #2057 tok 15: 0.000010 argmax 15
 15[nll] #2058 tok 15: 0.000022 argmax 15
 15[nll] #2059 tok 20332: 0.029011 argmax 20332
 20332[nll] #2060 tok 13: 0.053066 argmax 13
 13[nll] #2061 tok 82699: 0.661697 argmax 82699
 82699[nll] #2062 tok 25: 0.139254 argmax 25
 25[nll] #2063 tok 378: 0.574572 argmax 378
 378[nll] #2064 tok 1257: 0.000024 argmax 1257
 1257[nll] #2065 tok 13: 0.213159 argmax 13
 13[nll] #2066 tok 220: 0.254193 argmax 220
 220[nll] #2067 tok 19: 0.595561 argmax 19
 19[nll] #2068 tok 15: 0.000107 argmax 15
 15[nll] #2069 tok 2526: 0.000070 argmax 2526
 2526[nll] #2070 tok 11: 0.049161 argmax 11
 11[nll] #2071 tok 220: 0.000888 argmax 220
 220[nll] #2072 tok 15: 0.298642 argmax 15
 15[nll] #2073 tok 10728: 0.001339 argmax 10728
 10728[nll] #2074 tok 11: 0.000094 argmax 11
 11[nll] #2075 tok 220: 0.001375 argmax 220
 220[nll] #2076 tok 17: 0.000071 argmax 17
 17[nll] #2077 tok 15: 0.000018 argmax 15
 15[nll] #2078 tok 3349: 0.000052 argmax 3349
 3349[nll] #2079 tok 26: 0.831842 argmax 26
 26[nll] #2080 tok 466: 0.295502 argmax 466
 466[nll] #2081 tok 220: 0.854348 argmax 413
 220[nll] #2082 tok 17: 0.089832 argmax 17
 17[nll] #2083 tok 2526: 0.002894 argmax 2526
 2526[nll] #2084 tok 11: 0.005168 argmax 11
 11[nll] #2085 tok 220: 0.330235 argmax 220
 220[nll] #2086 tok 20: 0.005948 argmax 20
 20[nll] #2087 tok 22: 0.000283 argmax 22
 22[nll] #2088 tok 10728: 0.000120 argmax 10728
 10728[nll] #2089 tok 11: 0.000011 argmax 11
 11[nll] #2090 tok 220: 0.032423 argmax 220
 220[nll] #2091 tok 16: 0.000050 argmax 16
 16[nll] #2092 tok 3349: 0.000101 argmax 3349
 3349[nll] #2093 tok 13: 0.361774 argmax 13
 13[nll] #2094 tok 15451: 1.119068 argmax 15451
 15451[nll] #2095 tok 369: 0.804679 argmax 369
 369[nll] #2096 tok 2577: 0.640357 argmax 2577
 2577[nll] #2097 tok 30: 0.038964 argmax 30
 30[nll] #2098 tok 1368: 0.531573 argmax 1368
 1368[nll] #2099 tok 781: 1.064085 argmax 781
 781[nll] #2100 tok 2466: 0.512501 argmax 2466
 2466[nll] #2101 tok 14159: 0.595922 argmax 14159
 14159[nll] #2102 tok 314: 0.040216 argmax 314
 314[nll] #2103 tok 1754: 0.000056 argmax 1754
 1754[nll] #2104 tok 3618: 0.019855 argmax 3618
 3618[nll] #2105 tok 11: 0.672875 argmax 11
 11[nll] #2106 tok 6970: 0.423987 argmax 6970
 6970[nll] #2107 tok 2873: 1.417793 argmax 2873
 2873[nll] #2108 tok 799: 0.892475 argmax 799
 799[nll] #2109 tok 13: 1.079112 argmax 13
 13[nll] #2110 tok 1921: 1.182143 argmax 1921
 1921[nll] #2111 tok 413: 0.451975 argmax 413
 413[nll] #2112 tok 781: 1.001104 argmax 781
 781[nll] #2113 tok 1660: 0.673452 argmax 1660
 1660[nll] #2114 tok 328: 1.619186 argmax 328
 328[nll] #2115 tok 8732: 1.096778 argmax 8732
 8732[nll] #2116 tok 11: 0.706689 argmax 11
 11[nll] #2117 tok 10728: 0.001648 argmax 10728
 10728[nll] #2118 tok 11: 0.000852 argmax 11
 11[nll] #2119 tok 3349: 0.000563 argmax 3349
 3349[nll] #2120 tok 1: 0.070942 argmax 1
 1[nll] #2121 tok 6970: 0.662639 argmax 6970
 6970[nll] #2122 tok 660: 1.253588 argmax 660
 660[nll] #2123 tok 14159: 1.002648 argmax 14159
 14159[nll] #2124 tok 30: 0.643588 argmax 30
 30[nll] #2125 tok 353: 1.389117 argmax 353
 353[nll] #2126 tok 628: 0.507832 argmax 628
 628[nll] #2127 tok 2873: 0.986405 argmax 2873
 2873[nll] #2128 tok 2902: 0.817918 argmax 2902
 2902[nll] #2129 tok 321: 0.123816 argmax 321
 321[nll] #2130 tok 264: 1.473672 argmax 264
 264[nll] #2131 tok 13769: 0.578886 argmax 13769
 13769[nll] #2132 tok 22113: 1.418154 argmax 22113
 22113[nll] #2133 tok 1698: 0.946287 argmax 1698
 1698[nll] #2134 tok 13: 0.074057 argmax 13
 13[nll] #2135 tok 1946: 1.244282 argmax 1946
 1946[nll] #2136 tok 5471: 0.143969 argmax 5471
 5471[nll] #2137 tok 69330: 0.672493 argmax 69330
 69330[nll] #2138 tok 883: 0.857784 argmax 883
 883[nll] #2139 tok 6942: 0.195747 argmax 6942
 6942[nll] #2140 tok 11: 1.041260 argmax 11
 11[nll] #2141 tok 2873: 1.270478 argmax 2873
 2873[nll] #2142 tok 449: 1.296944 argmax 449
 449[nll] #2143 tok 22113: 0.370894 argmax 22113
 22113[nll] #2144 tok 6093: 0.549592 argmax 6093
 6093[nll] #2145 tok 1608: 0.775627 argmax 1608
 1608[nll] #2146 tok 660: 0.026887 argmax 660
 660[nll] #2147 tok 2250: 0.004420 argmax 2250
 2250[nll] #2148 tok 25: 0.761744 argmax 25
 25[nll] #2149 tok 220: 0.180856 argmax 220
 220[nll] #2150 tok 17: 0.009105 argmax 17
 17[nll] #2151 tok 2526: 0.000170 argmax 2526
 2526[nll] #2152 tok 11: 0.003120 argmax 11
 11[nll] #2153 tok 220: 0.000416 argmax 220
 220[nll] #2154 tok 20: 0.006673 argmax 20
 20[nll] #2155 tok 22: 0.000049 argmax 22
 22[nll] #2156 tok 10728: 0.000092 argmax 10728
 10728[nll] #2157 tok 11: 0.000003 argmax 11
 11[nll] #2158 tok 220: 0.000200 argmax 220
 220[nll] #2159 tok 16: 0.000030 argmax 16
 16[nll] #2160 tok 3349: 0.000023 argmax 3349
 3349[nll] #2161 tok 13: 0.026197 argmax 13
 13[nll] #2162 tok 1921: 0.356041 argmax 1921
 1921[nll] #2163 tok 369: 0.995040 argmax 369
 369[nll] #2164 tok 421: 0.678812 argmax 421
 421[nll] #2165 tok 40302: 0.734458 argmax 40302
 40302[nll] #2166 tok 30: 0.001858 argmax 30
 30[nll] #2167 tok 1049: 0.749854 argmax 1049
 1049[nll] #2168 tok 5533: 0.805014 argmax 5533
 5533[nll] #2169 tok 220: 1.440716 argmax 220
 220[nll] #2170 tok 16: 0.739888 argmax 21
 16[nll] #2171 tok 3349: 0.001955 argmax 3349
 3349[nll] #2172 tok 11: 0.962974 argmax 11
 11[nll] #2173 tok 220: 0.363287 argmax 220
 220[nll] #2174 tok 17: 0.021255 argmax 17
 17[nll] #2175 tok 2526: 0.004609 argmax 2526
 2526[nll] #2176 tok 11: 0.225016 argmax 11
 11[nll] #2177 tok 220: 0.393326 argmax 220
 220[nll] #2178 tok 20: 0.000216 argmax 20
 20[nll] #2179 tok 22: 0.000201 argmax 22
 22[nll] #2180 tok 10728: 0.003096 argmax 10728
 10728[nll] #2181 tok 13: 0.244022 argmax 13
 13[nll] #2182 tok 16030: 0.782168 argmax 16030
 16030[nll] #2183 tok 220: 0.378708 argmax 220
 220[nll] #2184 tok 18: 0.160776 argmax 18
 18[nll] #2185 tok 15: 0.000309 argmax 15
 15[nll] #2186 tok 15: 0.000330 argmax 15
 15[nll] #2187 tok 13: 0.319569 argmax 13
 13[nll] #2188 tok 1049: 1.407462 argmax 1049
 1049[nll] #2189 tok 65611: 0.353768 argmax 65611
 65611[nll] #2190 tok 506: 0.365679 argmax 506
 506[nll] #2191 tok 3140: 0.090848 argmax 3140
 3140[nll] #2192 tok 10598: 0.001206 argmax 10598
 10598[nll] #2193 tok 430: 0.546380 argmax 430
 430[nll] #2194 tok 1599: 0.001868 argmax 1599
 1599[nll] #2195 tok 2526: 0.000111 argmax 2526
 2526[nll] #2196 tok 430: 0.002491 argmax 430
 430[nll] #2197 tok 3349: 0.000108 argmax 3349
 3349[nll] #2198 tok 13: 0.480249 argmax 13
 13[nll] #2199 tok 1921: 1.299274 argmax 1921
 1921[nll] #2200 tok 6970: 1.044568 argmax 6970
 6970[nll] #2201 tok 781: 1.215370 argmax 781
 781[nll] #2202 tok 4035: 1.124613 argmax 2493
 4035[nll] #2203 tok 10386: 0.958541 argmax 10386
 10386[nll] #2204 tok 33363: 0.993869 argmax 33363
 33363[nll] #2205 tok 3349: 1.056335 argmax 3349
 3349[nll] #2206 tok 30: 0.745041 argmax 30
 30[nll] #2207 tok 2717: 0.850595 argmax 2717
 2717[nll] #2208 tok 5689: 1.058679 argmax 5689
 5689[nll] #2209 tok 13: 0.002976 argmax 13
 13[nll] #2210 tok 1368: 0.729743 argmax 1368
 1368[nll] #2211 tok 781: 0.599188 argmax 781
 781[nll] #2212 tok 2466: 0.796288 argmax 2466
 2466[nll] #2213 tok 328: 0.374834 argmax 328
 328[nll] #2214 tok 43365: 1.210221 argmax 44883
 43365[nll] #2215 tok 314: 0.004196 argmax 314
 314[nll] #2216 tok 1754: 0.000595 argmax 1754
 1754[nll] #2217 tok 3618: 0.000955 argmax 3618
 3618[nll] #2218 tok 1: 0.078715 argmax 1
 1[nll] #2219 tok 32822: 0.247552 argmax 32822
 32822[nll] #2220 tok 6970: 0.693374 argmax 6970
 6970[nll] #2221 tok 866: 0.777727 argmax 866
 866[nll] #2222 tok 22113: 0.386691 argmax 22113
 22113[nll] #2223 tok 13: 0.394530 argmax 13
 13[nll] #2224 tok 16018: 0.684121 argmax 16018
 16018[nll] #2225 tok 2945: 1.369331 argmax 2945
 2945[nll] #2226 tok 4437: 1.384473 argmax 4437
 4437[nll] #2227 tok 2902: 0.723397 argmax 2902
 2902[nll] #2228 tok 25: 0.439021 argmax 25
 25[nll] #2229 tok 318: 1.208205 argmax 318
 318[nll] #2230 tok 17: 0.442886 argmax 17
 17[nll] #2231 tok 83: 0.653309 argmax 83
 83[nll] #2232 tok 11: 0.000364 argmax 11
 11[nll] #2233 tok 220: 0.270044 argmax 220
 220[nll] #2234 tok 21: 0.000093 argmax 21
 21[nll] #2235 tok 15: 0.000002 argmax 15
 15[nll] #2236 tok 12: 0.007498 argmax 12
 12[nll] #2237 tok 18: 0.000001 argmax 18
 18[nll] #2238 tok 83: 0.000023 argmax 83
 83[nll] #2239 tok 11: 0.000875 argmax 11
 11[nll] #2240 tok 259: 0.000032 argmax 259
 259[nll] #2241 tok 8: 0.582044 argmax 8
 8[nll] #2242 tok 364: 0.073504 argmax 364
 364[nll] #2243 tok 259: 0.248662 argmax 259
 259[nll] #2244 tok 28: 0.029294 argmax 28
 28[nll] #2245 tok 15: 0.009121 argmax 15
 15[nll] #2246 tok 27736: 0.268529 argmax 27736
 27736[nll] #2247 tok 11: 0.001934 argmax 11
 11[nll] #2248 tok 17: 0.000119 argmax 17
 17[nll] #2249 tok 15: 0.000032 argmax 15
 15[nll] #2250 tok 13: 0.353470 argmax 13
 13[nll] #2251 tok 1368: 0.764002 argmax 1368
 1368[nll] #2252 tok 660: 0.647367 argmax 660
 660[nll] #2253 tok 2250: 0.066065 argmax 2250
 2250[nll] #2254 tok 12461: 0.591464 argmax 12461
 12461[nll] #2255 tok 1902: 0.119239 argmax 1902
 1902[nll] #2256 tok 4833: 0.630356 argmax 4833
 4833[nll] #2257 tok 11: 0.014674 argmax 11
 11[nll] #2258 tok 1831: 0.973823 argmax 1831
 1831[nll] #2259 tok 259: 0.045771 argmax 259
 259[nll] #2260 tok 28: 0.007517 argmax 28
 28[nll] #2261 tok 16: 0.000452 argmax 16
 16[nll] #2262 tok 27736: 0.767910 argmax 27736
 27736[nll] #2263 tok 11: 0.006758 argmax 11
 11[nll] #2264 tok 16: 0.000518 argmax 16
 16[nll] #2265 tok 24: 0.001323 argmax 24
 24[nll] #2266 tok 26: 0.877359 argmax 26
 26[nll] #2267 tok 378: 0.559349 argmax 378
 378[nll] #2268 tok 1257: 0.000033 argmax 1257
 1257[nll] #2269 tok 13: 0.223274 argmax 13
 13[nll] #2270 tok 220: 0.433150 argmax 220
 220[nll] #2271 tok 17: 0.025014 argmax 17
 17[nll] #2272 tok 2526: 0.195601 argmax 2526
 2526[nll] #2273 tok 11: 0.000086 argmax 11
 11[nll] #2274 tok 220: 0.047936 argmax 220
 220[nll] #2275 tok 20: 0.002025 argmax 20
 20[nll] #2276 tok 22: 0.000211 argmax 22
 22[nll] #2277 tok 10728: 0.000103 argmax 10728
 10728[nll] #2278 tok 11: 0.000006 argmax 11
 11[nll] #2279 tok 220: 0.005506 argmax 220
 220[nll] #2280 tok 16: 0.000025 argmax 16
 16[nll] #2281 tok 3349: 0.000040 argmax 3349
 3349[nll] #2282 tok 13: 0.016141 argmax 13
 13[nll] #2283 tok 1368: 0.979258 argmax 1368
 1368[nll] #2284 tok 6942: 0.718178 argmax 6942
 6942[nll] #2285 tok 5252: 0.211536 argmax 5252
 5252[nll] #2286 tok 11: 0.006610 argmax 11
 11[nll] #2287 tok 220: 0.551868 argmax 220
 220[nll] #2288 tok 19: 0.390346 argmax 19
 19[nll] #2289 tok 15: 0.000077 argmax 15
 15[nll] #2290 tok 2526: 0.001727 argmax 2526
 2526[nll] #2291 tok 11: 0.048106 argmax 11
 11[nll] #2292 tok 220: 0.102769 argmax 220
 220[nll] #2293 tok 15: 0.293168 argmax 15
 15[nll] #2294 tok 10728: 0.001049 argmax 10728
 10728[nll] #2295 tok 11: 0.000009 argmax 11
 11[nll] #2296 tok 220: 0.004003 argmax 220
 220[nll] #2297 tok 17: 0.000090 argmax 17
 17[nll] #2298 tok 15: 0.000072 argmax 15
 15[nll] #2299 tok 3349: 0.000132 argmax 3349
 3349[nll] #2300 tok 1048: 0.330708 argmax 1048
 1048[nll] #2301 tok 4138: 0.759017 argmax 4138
 4138[nll] #2302 tok 13: 0.043460 argmax 13
 13[nll] #2303 tok 14235: 0.504881 argmax 14235
 14235[nll] #2304 tok 6970: 1.116643 argmax 6970
 6970[nll] #2305 tok 4992: 1.226203 argmax 4992
 4992[nll] #2306 tok 799: 0.632980 argmax 799
 799[nll] #2307 tok 440: 0.700307 argmax 440
 440[nll] #2308 tok 660: 0.917788 argmax 660
 660[nll] #2309 tok 2250: 0.515057 argmax 2250
 2250[nll] #2310 tok 310: 0.488144 argmax 310
 310[nll] #2311 tok 381: 0.237245 argmax 381
 381[nll] #2312 tok 5902: 0.027900 argmax 5902
 5902[nll] #2313 tok 13: 0.254534 argmax 13
 13[nll] #2314 tok 1921: 0.292154 argmax 1921
 1921[nll] #2315 tok 413: 0.573250 argmax 413
 413[nll] #2316 tok 781: 1.175867 argmax 781
 781[nll] #2317 tok 1660: 1.355152 argmax 1660
 1660[nll] #2318 tok 14159: 1.720074 argmax 14159
 14159[nll] #2319 tok 6970: 0.469263 argmax 6970
 6970[nll] #2320 tok 220: 1.342576 argmax 220
 220[nll] #2321 tok 19: 0.090451 argmax 19
 19[nll] #2322 tok 15: 0.000513 argmax 15
 15[nll] #2323 tok 2526: 0.183242 argmax 2526
 2526[nll] #2324 tok 11: 0.260818 argmax 11
 11[nll] #2325 tok 220: 0.030127 argmax 220
 220[nll] #2326 tok 17: 0.467877 argmax 17
 17[nll] #2327 tok 15: 0.000583 argmax 15
 15[nll] #2328 tok 3349: 0.003147 argmax 3349
 3349[nll] #2329 tok 30: 0.675322 argmax 30
 30[nll] #2330 tok 6558: 0.752535 argmax 6558
 6558[nll] #2331 tok 579: 0.001938 argmax 579
 579[nll] #2332 tok 1683: 0.407540 argmax 1683
 1683[nll] #2333 tok 13: 1.160362 argmax 13
 13[nll] #2334 tok 271: 0.437312 argmax 271
 271[nll] #2335 tok 760: 1.085267 argmax 760
 760[nll] #2336 tok 3377: 0.225606 argmax 3377
 3377[nll] #2337 tok 25: 0.398364 argmax 25
 25[nll] #2338 tok 328: 0.003178 argmax 328
 328[nll] #2339 tok 32: 0.000053 argmax 32
 32[nll] #2340 tok 29128: 0.000101 argmax 29128
 29128[nll] #2341 tok 17199: 0.000060 argmax 17199
 17199[nll] #2342 tok 220: 0.000016 argmax 220
 220[nll] #2343 tok 18: 0.000003 argmax 18
 18[nll] #2344 tok 12461: 0.000007 argmax 12461
 12461[nll] #2345 tok 314: 0.000022 argmax 314
 314[nll] #2346 tok 14273: 0.000015 argmax 14273
 14273[nll] #2347 tok 25: 0.001769 argmax 25
 25[nll] #2348 tok 2526: 0.000077 argmax 2526
 2526[nll] #2349 tok 318: 0.000851 argmax 318
 318[nll] #2350 tok 17: 0.000012 argmax 17
 17[nll] #2351 tok 20332: 0.000056 argmax 20332
 20332[nll] #2352 tok 681: 0.000012 argmax 681
 681[nll] #2353 tok 10728: 0.000036 argmax 10728
 10728[nll] #2354 tok 318: 0.000015 argmax 318
 318[nll] #2355 tok 20: 0.000018 argmax 20
 20[nll] #2356 tok 20332: 0.000074 argmax 20332
 20332[nll] #2357 tok 8: 0.000190 argmax 8
 8[nll] #2358 tok 321: 0.000034 argmax 321
 321[nll] #2359 tok 3349: 0.000346 argmax 3349
 3349[nll] #2360 tok 318: 0.000097 argmax 318
 318[nll] #2361 tok 16: 0.000019 argmax 16
 16[nll] #2362 tok 16: 0.000091 argmax 16
 16[nll] #2363 tok 20332: 0.000311 argmax 20332
 20332[nll] #2364 tok 553: 0.000039 argmax 553
 553[nll] #2365 tok 357: 0.000056 argmax 357
 357[nll] #2366 tok 10538: 0.000024 argmax 10538
 10538[nll] #2367 tok 22651: 0.000026 argmax 22651
 22651[nll] #2368 tok 506: 0.000015 argmax 506
 506[nll] #2369 tok 1379: 0.000104 argmax 1379
 1379[nll] #2370 tok 220: 0.000009 argmax 220
 220[nll] #2371 tok 19: 0.000029 argmax 19
 19[nll] #2372 tok 15: 0.000007 argmax 15
 15[nll] #2373 tok 15: 0.000001 argmax 15
 15[nll] #2374 tok 20332: 0.000013 argmax 20332
 20332[nll] #2375 tok 321: 0.000012 argmax 321
 321[nll] #2376 tok 506: 0.000022 argmax 506
 506[nll] #2377 tok 1379: 0.000054 argmax 1379
 1379[nll] #2378 tok 220: 0.000014 argmax 220
 220[nll] #2379 tok 21: 0.000052 argmax 21
 21[nll] #2380 tok 15: 0.000019 argmax 15
 15[nll] #2381 tok 14273: 0.000015 argmax 14273
 14273[nll] #2382 tok 13: 0.000004 argmax 13
 13[nll] #2383 tok 6983: 0.000043 argmax 6983
 6983[nll] #2384 tok 42304: 0.000072 argmax 42304
 42304[nll] #2385 tok 1902: 0.000018 argmax 1902
 1902[nll] #2386 tok 6435: 0.000012 argmax 6435
 6435[nll] #2387 tok 506: 0.000064 argmax 506
 506[nll] #2388 tok 3140: 0.000275 argmax 3140
 3140[nll] #2389 tok 10598: 0.000014 argmax 10598
 10598[nll] #2390 tok 430: 0.000008 argmax 430
 430[nll] #2391 tok 1599: 0.000198 argmax 1599
 1599[nll] #2392 tok 2526: 0.000082 argmax 2526
 2526[nll] #2393 tok 14273: 0.000115 argmax 14273
 14273[nll] #2394 tok 430: 0.000023 argmax 430
 430[nll] #2395 tok 3349: 0.000307 argmax 3349
 3349[nll] #2396 tok 5981: 0.000085 argmax 5981
 5981[nll] #2397 tok 13: 0.000015 argmax 13
 13[nll] #2398 tok 3437: 0.000031 argmax 3437
 3437[nll] #2399 tok 369: 0.000001 argmax 369
 369[nll] #2400 tok 279: 0.000004 argmax 279
 279[nll] #2401 tok 7526: 0.000061 argmax 7526
 7526[nll] #2402 tok 2702: 0.000034 argmax 2702
 2702[nll] #2403 tok 4528: 0.000006 argmax 4528
 4528[nll] #2404 tok 264: 0.000032 argmax 264
 264[nll] #2405 tok 3074: 0.000216 argmax 3074
 3074[nll] #2406 tok 10538: 0.000030 argmax 10538
 10538[nll] #2407 tok 628: 0.000004 argmax 628
 628[nll] #2408 tok 6564: 0.000229 argmax 6564
 6564[nll] #2409 tok 30: 0.000079 argmax 30
 30[nll] #2410 tok 6712: 0.000040 argmax 6712
 6712[nll] #2411 tok 678: 0.000249 argmax 678
 678[nll] #2412 tok 31626: 0.000040 argmax 31626
 31626[nll] #2413 tok 321: 0.000010 argmax 321
 321[nll] #2414 tok 2873: 0.000188 argmax 2873
 2873[nll] #2415 tok 279: 0.000042 argmax 279
 279[nll] #2416 tok 14159: 0.000027 argmax 14159
 14159[nll] #2417 tok 314: 0.000083 argmax 314
 314[nll] #2418 tok 1754: 0.000393 argmax 1754
 1754[nll] #2419 tok 3618: 0.000433 argmax 3618
 3618[nll] #2420 tok 1149: 0.000121 argmax 1149
 1149[nll] #2421 tok 1049: 0.781443 argmax 1049
 1049[nll] #2422 tok 2493: 0.705027 argmax 2493
 2493[nll] #2423 tok 381: 0.022387 argmax 381
 381[nll] #2424 tok 494: 0.402826 argmax 494
 494[nll] #2425 tok 24460: 1.341964 argmax 23850
 24460[nll] #2426 tok 23850: 0.805731 argmax 23850
 23850[nll] #2427 tok 13: 0.161348 argmax 13
 13[nll] #2428 tok 2302: 0.148621 argmax 2302
 2302[nll] #2429 tok 2493: 0.922258 argmax 2493
 2493[nll] #2430 tok 1660: 0.080762 argmax 1660
 1660[nll] #2431 tok 1608: 1.181437 argmax 1608
 1608[nll] #2432 tok 3349: 1.661788 argmax 3349
 3349[nll] #2433 tok 14273: 0.058290 argmax 14273
 14273[nll] #2434 tok 30: 1.161750 argmax 30
 30[nll] #2435 tok 1921: 1.348100 argmax 1921
 1921[nll] #2436 tok 279: 1.765441 argmax 279
 279[nll] #2437 tok 20908: 1.358153 argmax 20908
 20908[nll] #2438 tok 2526: 1.436555 argmax 2526
 2526[nll] #2439 tok 2518: 0.762277 argmax 2518
 2518[nll] #2440 tok 220: 0.505250 argmax 220
 220[nll] #2441 tok 17: 0.000017 argmax 17
 17[nll] #2442 tok 3349: 0.049778 argmax 3349
 3349[nll] #2443 tok 3520: 0.654747 argmax 3520
 3520[nll] #2444 tok 3349: 0.988113 argmax 5289
 3349[nll] #2445 tok 10: 0.931140 argmax 10
 10[nll] #2446 tok 8732: 0.041459 argmax 8732
 8732[nll] #2447 tok 5289: 0.589676 argmax 5289
 5289[nll] #2448 tok 220: 0.170397 argmax 220
 220[nll] #2449 tok 20: 0.005912 argmax 20
 20[nll] #2450 tok 11: 0.420998 argmax 11
 11[nll] #2451 tok 1788: 0.398465 argmax 1788
 1788[nll] #2452 tok 430: 0.000351 argmax 430
 430[nll] #2453 tok 10728: 0.000040 argmax 10728
 10728[nll] #2454 tok 13: 0.112062 argmax 13
 13[nll] #2455 tok 1987: 0.638290 argmax 1987
 1987[nll] #2456 tok 1866: 1.460462 argmax 1866
 1866[nll] #2457 tok 4528: 0.609726 argmax 4528
 4528[nll] #2458 tok 220: 1.395645 argmax 369
 220[nll] #2459 tok 18: 0.425307 argmax 18
 18[nll] #2460 tok 15: 0.000258 argmax 15
 15[nll] #2461 tok 15: 0.000008 argmax 15
 15[nll] #2462 tok 13: 0.341839 argmax 13
 13[nll] #2463 tok 82699: 0.715461 argmax 82699
 82699[nll] #2464 tok 1362: 0.832474 argmax 1362
 1362[nll] #2465 tok 381: 0.032211 argmax 381
 381[nll] #2466 tok 220: 0.996915 argmax 220
 220[nll] #2467 tok 21: 0.860142 argmax 21
 21[nll] #2468 tok 15: 0.000119 argmax 15
 15[nll] #2469 tok 10728: 0.027521 argmax 10728
 10728[nll] #2470 tok 13: 1.060036 argmax 13
 13[nll] #2471 tok 1921: 0.128952 argmax 1921
 1921[nll] #2472 tok 413: 0.529945 argmax 413
 413[nll] #2473 tok 781: 0.460299 argmax 781
 781[nll] #2474 tok 1318: 0.988914 argmax 1318
 1318[nll] #2475 tok 328: 1.100682 argmax 328
 328[nll] #2476 tok 18: 0.976952 argmax 18
 18[nll] #2477 tok 12461: 0.000021 argmax 12461
 12461[nll] #2478 tok 1: 0.042525 argmax 1
 1[nll] #2479 tok 6970: 0.059128 argmax 6970
 6970[nll] #2480 tok 6970: 1.690311 argmax 6970
 6970[nll] #2481 tok 1754: 1.161840 argmax 1754
 1754[nll] #2482 tok 42304: 0.521698 argmax 42304
 42304[nll] #2483 tok 5435: 1.111292 argmax 5435
 5435[nll] #2484 tok 506: 0.881268 argmax 506
 506[nll] #2485 tok 3140: 0.005884 argmax 3140
 3140[nll] #2486 tok 799: 0.212953 argmax 799
 799[nll] #2487 tok 314: 0.246059 argmax 314
 314[nll] #2488 tok 1754: 0.001397 argmax 1754
 1754[nll] #2489 tok 30: 0.008808 argmax 30
 30[nll] #2490 tok 2717: 0.717515 argmax 2717
 2717[nll] #2491 tok 11135: 1.036525 argmax 11135
 11135[nll] #2492 tok 13: 0.002406 argmax 13
 13[nll] #2493 tok 1368: 0.313789 argmax 1368
 1368[nll] #2494 tok 781: 1.020274 argmax 781
 781[nll] #2495 tok 2466: 0.877619 argmax 2466
 2466[nll] #2496 tok 14159: 0.563275 argmax 14159
 14159[nll] #2497 tok 314: 0.116930 argmax 314
 314[nll] #2498 tok 1754: 0.000131 argmax 1754
 1754[nll] #2499 tok 3618: 0.020922 argmax 3618
 3618[nll] #2500 tok 11: 0.094011 argmax 11
 11[nll] #2501 tok 6970: 0.967552 argmax 6970
 6970[nll] #2502 tok 781: 0.868715 argmax 781
 781[nll] #2503 tok 1660: 0.563650 argmax 1660
 1660[nll] #2504 tok 264: 1.224986 argmax 264
 264[nll] #2505 tok 3050: 1.325257 argmax 3050
 3050[nll] #2506 tok 10286: 1.145594 argmax 10286
 10286[nll] #2507 tok 30: 0.313310 argmax 30
 30[nll] #2508 tok 2532: 0.522124 argmax 2532
 2532[nll] #2509 tok 513: 0.037804 argmax 513
 513[nll] #2510 tok 1599: 0.578894 argmax 1599
 1599[nll] #2511 tok 13: 0.153431 argmax 13
 13[nll] #2512 tok 14235: 0.706503 argmax 14235
 14235[nll] #2513 tok 1528: 1.014153 argmax 1528
 1528[nll] #2514 tok 2397: 0.426359 argmax 2397
 2397[nll] #2515 tok 12: 0.411409 argmax 12
 12[nll] #2516 tok 9301: 0.000217 argmax 9301
 9301[nll] #2517 tok 13: 0.356854 argmax 13
 13[nll] #2518 tok 38256: 0.806070 argmax 38256
 38256[nll] #2519 tok 799: 0.845337 argmax 799
 799[nll] #2520 tok 22113: 1.383135 argmax 22113
 22113[nll] #2521 tok 716: 0.784927 argmax 716
 716[nll] #2522 tok 13: 0.933919 argmax 13
 13[nll] #2523 tok 1368: 1.126950 argmax 1368
 1368[nll] #2524 tok 781: 0.527900 argmax 781
 781[nll] #2525 tok 1318: 0.962893 argmax 1318
 1318[nll] #2526 tok 660: 1.217824 argmax 660
 660[nll] #2527 tok 2250: 0.296770 argmax 2250
 2250[nll] #2528 tok 11: 0.830739 argmax 11
 11[nll] #2529 tok 2873: 1.019812 argmax 2873
 2873[nll] #2530 tok 660: 0.509861 argmax 660
 660[nll] #2531 tok 2250: 0.507012 argmax 2250
 2250[nll] #2532 tok 6572: 0.263293 argmax 6572
 6572[nll] #2533 tok 13: 0.074317 argmax 13
 13[nll] #2534 tok 1921: 1.271617 argmax 1921
 1921[nll] #2535 tok 413: 0.562981 argmax 413
 413[nll] #2536 tok 781: 0.549021 argmax 781
 781[nll] #2537 tok 1318: 1.101891 argmax 1318
 1318[nll] #2538 tok 33363: 1.294785 argmax 33363
 33363[nll] #2539 tok 4528: 1.186845 argmax 4528
 4528[nll] #2540 tok 11: 0.899534 argmax 11
 11[nll] #2541 tok 866: 0.981686 argmax 866
 866[nll] #2542 tok 440: 1.281072 argmax 440
 440[nll] #2543 tok 220: 0.328419 argmax 220
 220[nll] #2544 tok 21: 0.000657 argmax 21
 21[nll] #2545 tok 15: 0.000037 argmax 15
 15[nll] #2546 tok 14273: 0.011510 argmax 14273
 14273[nll] #2547 tok 321: 0.006707 argmax 321
 321[nll] #2548 tok 274: 0.222305 argmax 274
 274[nll] #2549 tok 28: 0.000379 argmax 28
 28[nll] #2550 tok 17: 0.000005 argmax 17
 17[nll] #2551 tok 75: 0.000230 argmax 75
 75[nll] #2552 tok 13: 0.602209 argmax 13
 13[nll] #2553 tok 1368: 1.496258 argmax 1368
 1368[nll] #2554 tok 781: 1.148653 argmax 781
 781[nll] #2555 tok 1318: 0.722072 argmax 1318
 1318[nll] #2556 tok 328: 1.250090 argmax 328
 328[nll] #2557 tok 43365: 0.913387 argmax 43365
 43365[nll] #2558 tok 314: 0.348372 argmax 314
 314[nll] #2559 tok 1754: 0.000103 argmax 1754
 1754[nll] #2560 tok 3618: 0.009889 argmax 3618
 3618[nll] #2561 tok 1: 0.022819 argmax 1
 1[nll] #2562 tok 6970: 0.219248 argmax 6970
 6970[nll] #2563 tok 4992: 1.711305 argmax 4992
 4992[nll] #2564 tok 799: 1.653656 argmax 799
 799[nll] #2565 tok 440: 0.875118 argmax 440
 440[nll] #2566 tok 660: 1.154990 argmax 660
 660[nll] #2567 tok 2250: 0.388067 argmax 2250
 2250[nll] #2568 tok 310: 0.935558 argmax 310
 310[nll] #2569 tok 5471: 0.931912 argmax 5471
 5471[nll] #2570 tok 6942: 0.803833 argmax 6942
 6942[nll] #2571 tok 4125: 1.925531 argmax 13
 4125[nll] #2572 tok 13: 0.436278 argmax 13
 13[nll] #2573 tok 1921: 0.943088 argmax 1921
 1921[nll] #2574 tok 413: 0.927254 argmax 413
 413[nll] #2575 tok 781: 0.966962 argmax 781
 781[nll] #2576 tok 1660: 1.902921 argmax 1660
 1660[nll] #2577 tok 1608: 1.862676 argmax 1608
 1608[nll] #2578 tok 3349: 0.884954 argmax 3349
 3349[nll] #2579 tok 14273: 0.370542 argmax 14273
 14273[nll] #2580 tok 310: 1.424168 argmax 310
 310[nll] #2581 tok 33363: 1.448661 argmax 33363
 33363[nll] #2582 tok 4528: 0.490449 argmax 4528
 4528[nll] #2583 tok 30: 0.352719 argmax 30
 30[nll] #2584 tok 8439: 1.616317 argmax 8439
 8439[nll] #2585 tok 10728: 1.020643 argmax 3349
 10728[nll] #2586 tok 1788: 1.131612 argmax 1788
 1788[nll] #2587 tok 5289: 0.221290 argmax 5289
 5289[nll] #2588 tok 11: 0.070663 argmax 11
 11[nll] #2589 tok 3349: 1.362260 argmax 3349
 3349[nll] #2590 tok 524: 0.771379 argmax 524
 524[nll] #2591 tok 4221: 1.501295 argmax 4221
 4221[nll] #2592 tok 13: 0.027377 argmax 13
 13[nll] #2593 tok 1921: 0.539937 argmax 1921
 1921[nll] #2594 tok 413: 1.382038 argmax 413
 413[nll] #2595 tok 781: 0.937479 argmax 781
 781[nll] #2596 tok 1325: 1.194920 argmax 1325
 1325[nll] #2597 tok 506: 0.773012 argmax 506
 506[nll] #2598 tok 3140: 0.027652 argmax 3140
 3140[nll] #2599 tok 10598: 0.303764 argmax 10598
 10598[nll] #2600 tok 430: 0.470482 argmax 430
 430[nll] #2601 tok 1599: 0.003364 argmax 1599
 1599[nll] #2602 tok 2526: 0.000183 argmax 2526
 2526[nll] #2603 tok 430: 0.003025 argmax 430
 430[nll] #2604 tok 3349: 0.000039 argmax 3349
 3349[nll] #2605 tok 11: 0.036234 argmax 11
 11[nll] #2606 tok 1608: 0.998487 argmax 1608
 1608[nll] #2607 tok 3349: 0.262638 argmax 3349
 3349[nll] #2608 tok 14273: 1.582485 argmax 14273
 14273[nll] #2609 tok 3070: 1.315349 argmax 3070
 3070[nll] #2610 tok 914: 0.000141 argmax 914
 914[nll] #2611 tok 5096: 0.403547 argmax 5096
 5096[nll] #2612 tok 5289: 0.175368 argmax 5289
 5289[nll] #2613 tok 7551: 0.370544 argmax 7551
 7551[nll] #2614 tok 10728: 0.488156 argmax 10728
 10728[nll] #2615 tok 13: 0.279181 argmax 13
 13[nll] #2616 tok 1987: 0.618426 argmax 1987
 1987[nll] #2617 tok 1599: 1.162439 argmax 1599
 1599[nll] #2618 tok 3278: 0.962351 argmax 3278
 3278[nll] #2619 tok 7287: 0.002098 argmax 7287
 7287[nll] #2620 tok 13: 0.000267 argmax 13
 13[nll] #2621 tok 271: 0.462503 argmax 271
 271[nll] #2622 tok 22916: 0.827173 argmax 22916
 22916[nll] #2623 tok 6970: 0.866815 argmax 6970
 6970[nll] #2624 tok 4123: 1.352850 argmax 4123
 4123[nll] #2625 tok 413: 0.523040 argmax 413
 413[nll] #2626 tok 6942: 1.718083 argmax 6942
 6942[nll] #2627 tok 14159: 1.149698 argmax 3349
 14159[nll] #2628 tok 5252: 0.104303 argmax 5252
 5252[nll] #2629 tok 13: 0.113176 argmax 13
 13[nll] #2630 tok 733: 1.140506 argmax 733
 733[nll] #2631 tok 3493: 1.726241 argmax 3493
 3493[nll] #2632 tok 16762: 0.000328 argmax 16762
 16762[nll] #2633 tok 1171: 0.719994 argmax 518
 1171[nll] #2634 tok 11: 0.210264 argmax 11
 11[nll] #2635 tok 14159: 0.444385 argmax 14159
 14159[nll] #2636 tok 628: 0.303422 argmax 628
 628[nll] #2637 tok 381: 0.000018 argmax 381
 381[nll] #2638 tok 6942: 0.040539 argmax 6942
 6942[nll] #2639 tok 7014: 0.460397 argmax 7014
 7014[nll] #2640 tok 5024: 0.903327 argmax 5024
 5024[nll] #2641 tok 13: 0.311322 argmax 13
 13[nll] #2642 tok 1921: 0.740688 argmax 1921
 1921[nll] #2643 tok 328: 0.288732 argmax 328
 328[nll] #2644 tok 17149: 0.074927 argmax 17149
 17149[nll] #2645 tok 220: 0.000034 argmax 220
 220[nll] #2646 tok 18: 0.000004 argmax 18
 18[nll] #2647 tok 12461: 0.000016 argmax 12461
 12461[nll] #2648 tok 1: 0.056738 argmax 1
 1[nll] #2649 tok 1362: 0.795677 argmax 1362
 1362[nll] #2650 tok 32396: 0.403811 argmax 32396
 32396[nll] #2651 tok 2420: 0.616858 argmax 2420
 2420[nll] #2652 tok 11: 0.632616 argmax 11
 11[nll] #2653 tok 524: 0.000453 argmax 524
 524[nll] #2654 tok 13902: 1.140945 argmax 13902
 13902[nll] #2655 tok 1429: 0.777736 argmax 1429
 1429[nll] #2656 tok 13: 0.001490 argmax 13
 13[nll] #2657 tok 1946: 0.870039 argmax 1946
 1946[nll] #2658 tok 381: 0.074245 argmax 381
 381[nll] #2659 tok 21094: 0.588941 argmax 21094
 21094[nll] #2660 tok 25: 0.070556 argmax 25
 25[nll] #2661 tok 328: 0.086990 argmax 328
 328[nll] #2662 tok 3833: 0.389957 argmax 3833
 3833[nll] #2663 tok 22113: 0.066961 argmax 22113
 22113[nll] #2664 tok 42304: 0.704045 argmax 42304
 42304[nll] #2665 tok 369: 0.090549 argmax 369
 369[nll] #2666 tok 220: 0.408580 argmax 220
 220[nll] #2667 tok 17: 0.242814 argmax 17
 17[nll] #2668 tok 2526: 0.000495 argmax 2526
 2526[nll] #2669 tok 11: 0.000507 argmax 11
 11[nll] #2670 tok 220: 0.000049 argmax 220
 220[nll] #2671 tok 20: 0.004013 argmax 20
 20[nll] #2672 tok 22: 0.000096 argmax 22
 22[nll] #2673 tok 10728: 0.000022 argmax 10728
 10728[nll] #2674 tok 11: 0.000007 argmax 11
 11[nll] #2675 tok 220: 0.044503 argmax 220
 220[nll] #2676 tok 16: 0.000096 argmax 16
 16[nll] #2677 tok 3349: 0.000112 argmax 3349
 3349[nll] #2678 tok 318: 0.466212 argmax 318
 318[nll] #2679 tok 331: 0.795016 argmax 331
 331[nll] #2680 tok 660: 0.713103 argmax 660
 660[nll] #2681 tok 2250: 0.005484 argmax 2250
 2250[nll] #2682 tok 12461: 0.352128 argmax 12461
 12461[nll] #2683 tok 1902: 0.228761 argmax 1902
 1902[nll] #2684 tok 381: 0.740703 argmax 4833
 381[nll] #2685 tok 2945: 0.488965 argmax 2945
 2945[nll] #2686 tok 553: 0.317483 argmax 553
 553[nll] #2687 tok 1368: 0.065887 argmax 1368
 1368[nll] #2688 tok 6942: 0.346063 argmax 6942
 6942[nll] #2689 tok 14159: 0.429817 argmax 14159
 14159[nll] #2690 tok 513: 0.013580 argmax 513
 513[nll] #2691 tok 5252: 0.016353 argmax 5252
 5252[nll] #2692 tok 11: 0.000389 argmax 11
 11[nll] #2693 tok 220: 0.538099 argmax 220
 220[nll] #2694 tok 15: 0.761006 argmax 15
 15[nll] #2695 tok 2526: 0.017531 argmax 2526
 2526[nll] #2696 tok 11: 0.008599 argmax 11
 11[nll] #2697 tok 220: 0.032187 argmax 220
 220[nll] #2698 tok 21: 0.012775 argmax 21
 21[nll] #2699 tok 15: 0.000017 argmax 15
 15[nll] #2700 tok 10728: 0.000336 argmax 10728
 10728[nll] #2701 tok 11: 0.002873 argmax 11
 11[nll] #2702 tok 220: 0.000412 argmax 220
 220[nll] #2703 tok 15: 0.000434 argmax 15
 15[nll] #2704 tok 3349: 0.000145 argmax 3349
 3349[nll] #2705 tok 466: 0.477976 argmax 466
 466[nll] #2706 tok 220: 0.000034 argmax 220
 220[nll] #2707 tok 19: 0.000125 argmax 19
 19[nll] #2708 tok 15: 0.000010 argmax 15
 15[nll] #2709 tok 2526: 0.000083 argmax 2526
 2526[nll] #2710 tok 11: 0.000182 argmax 11
 11[nll] #2711 tok 220: 0.017267 argmax 220
 220[nll] #2712 tok 15: 0.076978 argmax 15
 15[nll] #2713 tok 10728: 0.000736 argmax 10728
 10728[nll] #2714 tok 11: 0.000005 argmax 11
 11[nll] #2715 tok 220: 0.001563 argmax 220
 220[nll] #2716 tok 17: 0.000100 argmax 17
 17[nll] #2717 tok 15: 0.000032 argmax 15
 15[nll] #2718 tok 3349: 0.000081 argmax 3349
 3349[nll] #2719 tok 1048: 0.228373 argmax 1048
 1048[nll] #2720 tok 944: 0.646566 argmax 944
 944[nll] #2721 tok 1149: 0.254016 argmax 1149
 1149[nll] #2722 tok 1921: 0.570453 argmax 1921
 1921[nll] #2723 tok 1534: 0.851151 argmax 1534
 1534[nll] #2724 tok 4087: 0.758435 argmax 4087
 4087[nll] #2725 tok 1220: 0.654113 argmax 1220
 1220[nll] #2726 tok 524: 0.397947 argmax 524
 524[nll] #2727 tok 381: 0.057230 argmax 381
 381[nll] #2728 tok 2166: 0.110099 argmax 2166
 2166[nll] #2729 tok 58185: 0.411455 argmax 58185
 58185[nll] #2730 tok 3072: 0.610231 argmax 3072
 3072[nll] #2731 tok 30: 0.107725 argmax 30
 30[nll] #2732 tok 16018: 0.375054 argmax 16018
 16018[nll] #2733 tok 1910: 0.573328 argmax 1910
 1910[nll] #2734 tok 7526: 0.505353 argmax 7526
 7526[nll] #2735 tok 4528: 0.884319 argmax 4528
 4528[nll] #2736 tok 220: 0.128778 argmax 220
 220[nll] #2737 tok 18: 0.000024 argmax 18
 18[nll] #2738 tok 15: 0.000001 argmax 15
 15[nll] #2739 tok 15: 0.000006 argmax 15
 15[nll] #2740 tok 20332: 0.661621 argmax 20332
 20332[nll] #2741 tok 26: 0.489625 argmax 26
 26[nll] #2742 tok 14159: 1.286145 argmax 14159
 14159[nll] #2743 tok 524: 0.490274 argmax 524
 524[nll] #2744 tok 4752: 0.000037 argmax 4752
 4752[nll] #2745 tok 26: 0.626656 argmax 26
 26[nll] #2746 tok 378: 0.993032 argmax 378
 378[nll] #2747 tok 1257: 0.000020 argmax 1257
 1257[nll] #2748 tok 13: 0.074282 argmax 13
 13[nll] #2749 tok 220: 0.405207 argmax 220
 220[nll] #2750 tok 19: 0.622764 argmax 19
 19[nll] #2751 tok 15: 0.000316 argmax 15
 15[nll] #2752 tok 2526: 0.000239 argmax 2526
 2526[nll] #2753 tok 11: 0.093997 argmax 11
 11[nll] #2754 tok 220: 0.000394 argmax 220
 220[nll] #2755 tok 15: 0.320854 argmax 15
 15[nll] #2756 tok 10728: 0.000404 argmax 10728
 10728[nll] #2757 tok 11: 0.000004 argmax 11
 11[nll] #2758 tok 220: 0.000411 argmax 220
 220[nll] #2759 tok 17: 0.000081 argmax 17
 17[nll] #2760 tok 15: 0.000022 argmax 15
 15[nll] #2761 tok 3349: 0.000022 argmax 3349
 3349[nll] #2762 tok 13: 0.245484 argmax 13
 13[nll] #2763 tok 1368: 0.490594 argmax 1368
 1368[nll] #2764 tok 488: 1.028432 argmax 488
 488[nll] #2765 tok 1325: 0.447126 argmax 1325
 1325[nll] #2766 tok 660: 0.358004 argmax 660
 660[nll] #2767 tok 2250: 0.005942 argmax 2250
 2250[nll] #2768 tok 12461: 0.607762 argmax 12461
 12461[nll] #2769 tok 11: 0.117137 argmax 11
 11[nll] #2770 tok 958: 0.825028 argmax 958
 958[nll] #2771 tok 220: 0.002712 argmax 220
 220[nll] #2772 tok 17: 0.003435 argmax 17
 17[nll] #2773 tok 2526: 0.021638 argmax 2526
 2526[nll] #2774 tok 11: 0.000015 argmax 11
 11[nll] #2775 tok 220: 0.014841 argmax 220
 220[nll] #2776 tok 20: 0.002307 argmax 20
 20[nll] #2777 tok 22: 0.000305 argmax 22
 22[nll] #2778 tok 10728: 0.000172 argmax 10728
 10728[nll] #2779 tok 11: 0.000003 argmax 11
 11[nll] #2780 tok 220: 0.002932 argmax 220
 220[nll] #2781 tok 16: 0.000019 argmax 16
 16[nll] #2782 tok 3349: 0.000077 argmax 3349
 3349[nll] #2783 tok 13: 0.001275 argmax 13
 13[nll] #2784 tok 2844: 0.660676 argmax 2844
 2844[nll] #2785 tok 14103: 0.388499 argmax 14103
 14103[nll] #2786 tok 13: 0.000299 argmax 13
 13[nll] #2787 tok 271: 0.125341 argmax 271
 271[nll] #2788 tok 22916: 0.194405 argmax 22916
 22916[nll] #2789 tok 5790: 0.421395 argmax 5790
 5790[nll] #2790 tok 874: 0.709834 argmax 874
 874[nll] #2791 tok 7920: 0.864221 argmax 7920
 7920[nll] #2792 tok 20908: 1.183508 argmax 20908
 20908[nll] #2793 tok 25: 0.262878 argmax 25
 25[nll] #2794 tok 328: 0.858594 argmax 328
 328[nll] #2795 tok 266: 0.521563 argmax 266
 266[nll] #2796 tok 1379: 0.138089 argmax 1379
 1379[nll] #2797 tok 220: 0.024280 argmax 220
 220[nll] #2798 tok 19: 0.031565 argmax 19
 19[nll] #2799 tok 15: 0.000034 argmax 15
 15[nll] #2800 tok 15: 0.000007 argmax 15
 15[nll] #2801 tok 20332: 0.000962 argmax 20332
 20332[nll] #2802 tok 321: 0.015029 argmax 321
 321[nll] #2803 tok 506: 0.000004 argmax 506
 506[nll] #2804 tok 1379: 0.000246 argmax 1379
 1379[nll] #2805 tok 220: 0.000005 argmax 220
 220[nll] #2806 tok 21: 0.000006 argmax 21
 21[nll] #2807 tok 15: 0.000008 argmax 15
 15[nll] #2808 tok 14273: 0.000018 argmax 14273
 14273[nll] #2809 tok 1: 0.433299 argmax 1
 1[nll] #2810 tok 6970: 1.053247 argmax 6970
 6970[nll] #2811 tok 2107: 0.788730 argmax 2107
 2107[nll] #2812 tok 13: 1.045717 argmax 13
 13[nll] #2813 tok 328: 1.135799 argmax 328
 328[nll] #2814 tok 11179: 0.122216 argmax 11179
 11179[nll] #2815 tok 42304: 0.000034 argmax 42304
 42304[nll] #2816 tok 1902: 0.000192 argmax 1902
 1902[nll] #2817 tok 6435: 0.000004 argmax 6435
 6435[nll] #2818 tok 506: 0.000005 argmax 506
 506[nll] #2819 tok 3140: 0.000131 argmax 3140
 3140[nll] #2820 tok 10598: 0.000004 argmax 10598
 10598[nll] #2821 tok 430: 0.000010 argmax 430
 430[nll] #2822 tok 1599: 0.000242 argmax 1599
 1599[nll] #2823 tok 2526: 0.000055 argmax 2526
 2526[nll] #2824 tok 14273: 0.000045 argmax 14273
 14273[nll] #2825 tok 430: 0.000019 argmax 430
 430[nll] #2826 tok 3349: 0.000071 argmax 3349
 3349[nll] #2827 tok 5981: 0.000059 argmax 5981
 5981[nll] #2828 tok 1149: 0.049646 argmax 1149
 1149[nll] #2829 tok 16018: 0.597426 argmax 16018
 16018[nll] #2830 tok 2977: 0.784860 argmax 2977
 2977[nll] #2831 tok 1324: 0.750955 argmax 1324
 1324[nll] #2832 tok 314: 0.474658 argmax 314
 314[nll] #2833 tok 2526: 0.000982 argmax 2526
 2526[nll] #2834 tok 14273: 0.432739 argmax 14273
 14273[nll] #2835 tok 2518: 0.194843 argmax 2518
 2518[nll] #2836 tok 220: 0.044675 argmax 220
 220[nll] #2837 tok 17: 0.000032 argmax 17
 17[nll] #2838 tok 348: 0.135955 argmax 348
 348[nll] #2839 tok 1324: 0.008604 argmax 1324
 1324[nll] #2840 tok 314: 0.122543 argmax 314
 314[nll] #2841 tok 3349: 0.002117 argmax 3349
 3349[nll] #2842 tok 14273: 0.012846 argmax 14273
 14273[nll] #2843 tok 13: 0.044781 argmax 13
 13[nll] #2844 tok 7179: 0.216572 argmax 7179
 7179[nll] #2845 tok 13: 0.000028 argmax 13
 13[nll] #2846 tok 271: 0.111592 argmax 271
 271[nll] #2847 tok 9764: 0.424505 argmax 9764
 9764[nll] #2848 tok 579: 0.000102 argmax 579
 579[nll] #2849 tok 2814: 1.027634 argmax 2814
 2814[nll] #2850 tok 413: 0.383718 argmax 413
 413[nll] #2851 tok 1017: 1.020301 argmax 1017
 1017[nll] #2852 tok 369: 0.216925 argmax 369
 369[nll] #2853 tok 866: 0.498427 argmax 866
 866[nll] #2854 tok 12665: 1.636657 argmax 12665
 12665[nll] #2855 tok 314: 1.210906 argmax 314
 314[nll] #2856 tok 220: 1.377377 argmax 220
 220[nll] #2857 tok 18: 0.342140 argmax 18
 18[nll] #2858 tok 15: 0.133841 argmax 15
 15[nll] #2859 tok 16: 0.383108 argmax 16
 16[nll] #2860 tok 30: 0.953837 argmax 30
 30[nll] #2861 tok 79762: 0.915548 argmax 79762
 79762[nll] #2862 tok 443: 0.933504 argmax 443
 443[nll] #2863 tok 28: 0.014637 argmax 28
 28[nll] #2864 tok 21: 0.396376 argmax 21
 21[nll] #2865 tok 15: 0.262298 argmax 15
 15[nll] #2866 tok 11: 0.077322 argmax 11
 11[nll] #2867 tok 457: 0.607377 argmax 457
 457[nll] #2868 tok 28: 0.659013 argmax 28
 28[nll] #2869 tok 18: 0.387765 argmax 18
 18[nll] #2870 tok 15: 0.000543 argmax 15
 15[nll] #2871 tok 16: 0.129909 argmax 16
 16[nll] #2872 tok 1000: 0.747372 argmax 1000
 1000[nll] #2873 tok 1325: 0.088111 argmax 1325
 1325[nll] #2874 tok 5289: 0.417490 argmax 5289
 5289[nll] #2875 tok 220: 0.580872 argmax 220
 220[nll] #2876 tok 20: 0.001269 argmax 20
 20[nll] #2877 tok 13: 0.000093 argmax 13
 13[nll] #2878 tok 15: 0.000022 argmax 15
 15[nll] #2879 tok 16: 0.000059 argmax 16
 16[nll] #2880 tok 21: 0.000307 argmax 21
 21[nll] #2881 tok 22: 0.421104 argmax 22
 22[nll] #2882 tok 11: 0.901427 argmax 11
 11[nll] #2883 tok 11656: 0.598636 argmax 11656
 11656[nll] #2884 tok 4016: 0.725881 argmax 4016
 4016[nll] #2885 tok 30184: 0.641573 argmax 30184
 30184[nll] #2886 tok 13: 0.012474 argmax 13
 13[nll] #2887 tok 1368: 0.796067 argmax 1368
 1368[nll] #2888 tok 443: 0.003236 argmax 443
 443[nll] #2889 tok 28: 0.202738 argmax 28
 28[nll] #2890 tok 20: 0.090692 argmax 20
 20[nll] #2891 tok 24: 0.008407 argmax 24
 24[nll] #2892 tok 11: 0.101178 argmax 11
 11[nll] #2893 tok 1866: 0.593348 argmax 1866
 1866[nll] #2894 tok 457: 0.805989 argmax 457
 457[nll] #2895 tok 28: 0.871248 argmax 28
 28[nll] #2896 tok 17: 0.031547 argmax 17
 17[nll] #2897 tok 24: 0.000133 argmax 24
 24[nll] #2898 tok 20: 0.000369 argmax 20
 20[nll] #2899 tok 13: 0.279293 argmax 13
 13[nll] #2900 tok 1987: 0.191254 argmax 1987
 1987[nll] #2901 tok 220: 0.245147 argmax 220
 220[nll] #2902 tok 18: 0.004121 argmax 18
 18[nll] #2903 tok 15: 0.000081 argmax 15
 15[nll] #2904 tok 15: 0.000299 argmax 15
 15[nll] #2905 tok 1866: 0.636583 argmax 1866
 1866[nll] #2906 tok 13: 0.000358 argmax 13
 13[nll] #2907 tok 7441: 0.573054 argmax 7441
 7441[nll] #2908 tok 13: 0.000002 argmax 13
 13[nll] #2909 tok 271: 0.000311 argmax 271
 271[nll] #2910 tok 22916: 0.248551 argmax 22916
 22916[nll] #2911 tok 6970: 1.036188 argmax 6970
 6970[nll] #2912 tok 2945: 1.347038 argmax 2945
 2945[nll] #2913 tok 430: 1.937369 argmax 430
 430[nll] #2914 tok 25: 0.185315 argmax 25
 25[nll] #2915 tok 198: 0.185105 argmax 198
 198[nll] #2916 tok 9764: 0.000068 argmax 9764
 9764[nll] #2917 tok 274: 0.237623 argmax 274
 274[nll] #2918 tok 12709: 0.011758 argmax 12709
 12709[nll] #2919 tok 21518: 0.003119 argmax 21518
 21518[nll] #2920 tok 13: 0.863360 argmax 13
 13[nll] #2921 tok 10342: 1.008610 argmax 10342
 10342[nll] #2922 tok 14273: 0.398181 argmax 14273
 14273[nll] #2923 tok 417: 0.430306 argmax 417
 417[nll] #2924 tok 13744: 0.088930 argmax 13744
 13744[nll] #2925 tok 57838: 0.000099 argmax 57838
 57838[nll] #2926 tok 73314: 0.000067 argmax 73314
 73314[nll] #2927 tok 13: 0.432123 argmax 13
 13[nll] #2928 tok 10342: 0.428265 argmax 10342
 10342[nll] #2929 tok 4528: 0.005804 argmax 4528
 4528[nll] #2930 tok 457: 0.015356 argmax 457
 457[nll] #2931 tok 28: 0.004667 argmax 28
 28[nll] #2932 tok 17: 0.001316 argmax 17
 17[nll] #2933 tok 82: 0.000006 argmax 82
 82[nll] #2934 tok 10: 0.000003 argmax 10
 10[nll] #2935 tok 20: 0.000016 argmax 20
 20[nll] #2936 tok 76: 0.000021 argmax 76
 76[nll] #2937 tok 10: 0.000009 argmax 10
 10[nll] #2938 tok 16: 0.000026 argmax 16
 16[nll] #2939 tok 16: 0.000014 argmax 16
 16[nll] #2940 tok 75: 0.000021 argmax 75
 75[nll] #2941 tok 13: 0.002317 argmax 13
 13[nll] #2942 tok 198: 0.382087 argmax 198
 198[nll] #2943 tok 3702: 0.786746 argmax 3702
 3702[nll] #2944 tok 274: 0.022222 argmax 274
 274[nll] #2945 tok 9628: 0.253967 argmax 9628
 9628[nll] #2946 tok 17: 0.000001 argmax 17
 17[nll] #2947 tok 75: 0.000012 argmax 75
 75[nll] #2948 tok 11: 0.390347 argmax 11
 11[nll] #2949 tok 220: 0.644537 argmax 220
 220[nll] #2950 tok 18: 0.897342 argmax 18
 18[nll] #2951 tok 82: 0.405839 argmax 82
 82[nll] #2952 tok 9628: 0.460088 argmax 9628
 9628[nll] #2953 tok 21: 0.014755 argmax 21
 21[nll] #2954 tok 75: 0.000095 argmax 75
 75[nll] #2955 tok 11: 0.951354 argmax 11
 11[nll] #2956 tok 748: 0.117909 argmax 748
 748[nll] #2957 tok 220: 0.545344 argmax 220
 220[nll] #2958 tok 20: 0.392199 argmax 20
 20[nll] #2959 tok 33: 0.054086 argmax 33
 33[nll] #2960 tok 12630: 0.313298 argmax 12630
 12630[nll] #2961 tok 283: 0.636909 argmax 283
 283[nll] #2962 tok 220: 0.253556 argmax 220
 220[nll] #2963 tok 18: 0.541256 argmax 18
 18[nll] #2964 tok 82: 0.341769 argmax 82
 82[nll] #2965 tok 12: 0.120087 argmax 12
 12[nll] #2966 tok 21: 0.000230 argmax 21
 21[nll] #2967 tok 75: 0.000013 argmax 75
 75[nll] #2968 tok 283: 0.532147 argmax 283
 283[nll] #2969 tok 18: 0.445585 argmax 18
 18[nll] #2970 tok 1104: 0.000017 argmax 1104
 1104[nll] #2971 tok 12: 0.000010 argmax 12
 12[nll] #2972 tok 17: 0.000001 argmax 17
 17[nll] #2973 tok 75: 0.000011 argmax 75
 75[nll] #2974 tok 64649: 0.234729 argmax 64649
 64649[nll] #2975 tok 15: 0.000004 argmax 15
 15[nll] #2976 tok 13: 0.407009 argmax 13
 13[nll] #2977 tok 13891: 0.830543 argmax 13891
 13891[nll] #2978 tok 457: 0.000422 argmax 457
 457[nll] #2979 tok 7946: 0.635856 argmax 7946
 7946[nll] #2980 tok 20: 0.000017 argmax 20
 20[nll] #2981 tok 33: 0.000010 argmax 33
 33[nll] #2982 tok 7946: 0.736313 argmax 13
 7946[nll] #2983 tok 20: 0.188491 argmax 20
 20[nll] #2984 tok 9: 0.000241 argmax 9
 9[nll] #2985 tok 21: 0.000004 argmax 21
 21[nll] #2986 tok 15: 0.000003 argmax 15
 15[nll] #2987 tok 28: 0.000008 argmax 28
 28[nll] #2988 tok 18: 0.000004 argmax 18
 18[nll] #2989 tok 15: 0.000000 argmax 15
 15[nll] #2990 tok 15: 0.000000 argmax 15
 15[nll] #2991 tok 13: 0.001085 argmax 13
 13[nll] #2992 tok 198: 0.228912 argmax 198
 198[nll] #2993 tok 49038: 0.430830 argmax 49038
 49038[nll] #2994 tok 7225: 0.410543 argmax 7225
 7225[nll] #2995 tok 417: 0.008655 argmax 417
 417[nll] #2996 tok 28: 0.000007 argmax 28
 28[nll] #2997 tok 21: 0.000006 argmax 21
 21[nll] #2998 tok 15: 0.000001 argmax 15
 15[nll] #2999 tok 321: 0.002141 argmax 321
 321[nll] #3000 tok 274: 0.000057 argmax 274
 274

decode: 3000 tokens in 236.72 s  (12.67 tok/s), n_past=3134
cached graph replays: 78600; per replay alloc 0 us, launch 15 us, wait 1137 us
replay NLL: 0.3727 per token (ppl 1.45) over 3000 tokens
layer-0 speculation: 3277 calls, 0.67 ms each
head split: dense half 0.98 s | CPU experts + transfers 4.85 s | second half + LM head + argmax 1.97 s
expert cache: 99.2% hit, 85.3% from VRAM, 328.83 GB from disk
              tiers: 104791 promotions, 172947 RAM evictions, 0 cold-file reads, 0 upgrades
              RAM tier at end: 5337 slots = 5337 hot + 0 cold (0 of them hot-worthy) + 0 empty; 153 prefetched unused, 0 in flight; 0 experts marked hot-worthy
decode split: graphA(GPU) 90.98 s | MoE gpu 2.25 s (1142480 experts, sync-wait 0.00 s) | MoE cpu 87.29 s (195193 experts) | io 32.66 s
              per expert: gpu 2 us, cpu 447 us  (227.4x)
              graphA per decode layer: recurrent 1085 us (x59004), attention 1356 us (x19668) [attention: build+alloc 0 us, gpu 0 us; per-token inputs 38 us]
prefetch: 97.4% of the next layer's experts predicted correctly | 161914 issued, 157010 used (97.0%), 4751 wasted
verify steps by drafts kept: 0:278 1:1361  (tokens per step 1.83)
speculative: 1639 pair steps, 1361 accepted (83.0%), 0 single steps, 278 rollbacks (0.234 s), head 7.81 s
mtp draft: 0 decode drafts scored, 0 accepted (0.0%), top-3 0.0% | prompt: 132 scored, 53.0% accepted | 7.81 s in the head
prediction by rank, precision %: r1 100 r2 100 r3 100 r4 100 r5 100 r6 99 r7 99 r8 98 r9 95 r10 84 r11 15 r12 5 r13 2 r14 1 r15 1 r16 0
prediction by margin [edge+) P(correct)% / share%: [0) 45/15.8 [0.05) 41/14.5 [0.1) 45/21.1 [0.2) 58/12.5 [0.3) 79/13.3 [0.5) 95/9.3 [0.75) 99/5.9 [1) 100/5.9 [1.5) 100/1.4 [2) 100/0.2 [3) 100/0.0
prediction by layer, worst 10: L1 92 L3 95 L2 96 L19 96 L35 96 L9 96 L43 96 L31 96 L11 97 L5 97  | best: L16 99
io breakdown: submit 0.30 s, promote 0.55 s, wait 25.78 s | 9290 bursts, 64905 reads, 7.0 reads/burst, 4948 KiB/read
             wait-only bandwidth: 12.75 GB/s   (device peak measured 7.0 GB/s)
             io_engine: backend=threads, O_DIRECT=1, 64905 reads, 38.14 GB actually read, prep 0.12 s, io_uring_submit 0.00 s
engine time: prefill 8.47 s / 134 tok, decode 220.00 s / 3278 tok, expert io 32.66 s
wall 260.65 s maxrss 15418084 KB
